Molecule ChEMBL ID,Smiles,Molecular Weight,act_mean
CHEMBL1077347,N#Cc1c(N)cc2[nH]nc(N)c2c1-c1ccccc1,249.28,410
CHEMBL109269,CCn1c2cc(OC)ccc2c2ccnc(C)c21,240.31,400
CHEMBL1230165,O=C(O)c1ccc2c(c1)nc(Nc1cccc(Cl)c1)c1ccncc12,349.78,6.8
CHEMBL1232500,CCN1/C(=C/C(C)=O)Sc2ccc(O)cc21,235.31,240
CHEMBL1234833,CC(C)c1cnn2c(NCc3ccccc3)cc(N[C@@H](CO)[C@H](O)CO)nc12,385.47,2100
CHEMBL1236620,CCOC(=O)c1c(/C(C#N)=C\N)c2ccc(Cl)c(Cl)c2n1C,338.19,55
CHEMBL1315944,COc1ccc(-c2ccc3ncnc(NCc4cccs4)c3c2)cc1,347.44,3152
CHEMBL1318637,Cc1ccsc1CN(C)c1ncnc2ccc(-c3ccc4c(c3)OCO4)cc12,389.48,260
CHEMBL1329627,CCOC(=O)c1ccc(-c2ccc3ncnc(NCc4ccc(C)o4)c3c2)o1,377.4,3629
CHEMBL1331525,c1cncc(CNc2ncncc2-c2ccc3c(c2)OCO3)c1,306.32,26020
CHEMBL1354134,c1nc(NCC2CCCC2)c2cc(-c3ccc4c(c3)OCO4)ccc2n1,347.42,76
CHEMBL1357429,c1cncc(CNc2cc(-c3ccc4c(c3)OCO4)ncn2)c1,306.32,16420
CHEMBL1357975,c1coc(CCNc2ncnc3ccc(-c4ccc5c(c4)OCO5)cc23)c1,359.39,74
CHEMBL1374544,CN(Cc1ccco1)c1ncnc2ccc(-c3ccc4c(c3)OCO4)cc12,359.39,98
CHEMBL1394132,Cn1ccc2cc(-c3ccc4ncnc(NCc5cccs5)c4c3)ccc21,370.48,4517
CHEMBL1396483,CN(Cc1nccs1)c1ncnc2ccc(-c3ccc4c(c3)OCO4)cc12,376.44,51
CHEMBL1396654,Cc1ccsc1CNc1ncnc2ccc(-c3ccc4c(c3)OCO4)cc12,375.45,35
CHEMBL1397614,CN(Cc1ncc[nH]1)c1ncnc2ccc(-c3ccc4c(c3)OCO4)cc12,359.39,922
CHEMBL1405981,Clc1ccccc1-c1ccc2ncnc(NCc3cccs3)c2c1,351.86,9012
CHEMBL1407164,c1c[nH]c(CNc2ncnc3ccc(-c4ccc5c(c4)OCO5)cc23)n1,345.36,155
CHEMBL1410859,c1csc(CNc2ncnc3ccc(-c4ccoc4)cc23)c1,307.38,1262
CHEMBL14285,Cc1nccc2c1[nH]c1cc(O)ccc12,198.22,90
CHEMBL1435542,Cc1nc(CNc2ncnc3ccc(-c4ccc5c(c4)OCO5)cc23)cs1,376.44,206
CHEMBL1436125,c1ccc(CNc2ccnc(-c3ccc4c(c3)OCO4)n2)cc1,305.34,26000
CHEMBL1436585,c1nc(NCC2CCOC2)c2cc(-c3ccc4c(c3)OCO4)ccc2n1,349.39,93
CHEMBL1437638,Cc1nnc(CN(C)c2ncnc3ccc(-c4ccc5c(c4)OCO5)cc23)o1,375.39,120
CHEMBL1473127,Cc1ccc(CNc2ncnc3ccc(-c4ccc5c(c4)OCO5)cc23)o1,359.39,93
CHEMBL1474834,Cc1nc(CN(C)c2ncnc3ccc(-c4ccc5c(c4)OCO5)cc23)cs1,390.47,14
CHEMBL14762,CC[C@H](CO)Nc1nc(NCc2ccccc2)c2ncn(C(C)C)c2n1,354.46,5566.67
CHEMBL1476499,Cc1occc1CNc1ncnc2ccc(-c3ccc4c(c3)OCO4)cc12,359.39,57
CHEMBL1476609,Cc1ccsc1CN(C)c1ncnc2ccc(-c3ccc(CO)o3)cc12,365.46,557
CHEMBL1515144,CCN(Cc1cccs1)c1ncnc2ccc(-c3ccc4c(c3)OCO4)cc12,389.48,38
CHEMBL1515868,c1nc(NCCc2c[nH]cn2)c2cc(-c3ccc4c(c3)OCO4)ccc2n1,359.39,541
CHEMBL1535925,CCOC(=O)c1ccc(-c2ccc3ncnc(NCc4cccs4)c3c2)o1,379.44,1437
CHEMBL1551169,CC(C)(C)CNc1ncnc2ccc(-c3ccc4c(c3)OCO4)cc12,335.41,17
CHEMBL1552755,c1nc(NCC2CCCO2)c2cc(-c3ccc4c(c3)OCO4)ccc2n1,349.39,30
CHEMBL1555138,Fc1c(-c2ccc3ncnc(NCc4cccs4)c3c2)ccc2c1OCO2,379.42,164
CHEMBL1591577,CN(Cc1cccs1)c1ncnc2ccc(-c3ccc4c(c3)OCO4)cc12,375.45,31
CHEMBL1599314,Cc1ccc(CNc2ncnc3ccc(-c4ccc5c(c4)OCO5)cc23)s1,375.45,1158
CHEMBL1612487,COc1ccc(/C=C2\CCOC2=O)cc1,204.22,1810
CHEMBL1612677,Cc1ccsc1CN(C)c1ncnc2ccc(-c3ccoc3)cc12,335.43,1136
CHEMBL1615221,CC[C@@H](CO)Nc1nc(NCc2ccc(-c3ccccn3)cc2)c2ncn(C(C)C)c2n1,431.54,900
CHEMBL1645546,COCCOc1ccc2c(c1)[nH]c1c(C)nccc12,256.31,15750
CHEMBL1645552,Cc1nccc2c1[nH]c1cc(OCc3cccnc3)ccc12,289.34,10000
CHEMBL1704879,Cc1csc(CN(C)c2ncnc3ccc(-c4ccc5c(c4)OCO5)cc23)n1,390.47,26
CHEMBL1705549,c1csc(CNc2ncnc3ccc(-c4ccc5c(c4)OCO5)cc23)n1,362.41,70
CHEMBL1725513,c1coc(CNc2ncnc3ccc(-c4ccc5c(c4)OCO5)cc23)c1,345.36,84
CHEMBL1733003,OCc1ccc(-c2ccc3ncnc(NCc4cccs4)c3c2)o1,337.4,4657
CHEMBL1734733,c1nc(NCC2CCCOC2)c2cc(-c3ccc4c(c3)OCO4)ccc2n1,363.42,135
CHEMBL1738733,O=C1N=C(Nc2ccccc2)N=C1Cc1ccc2c(c1)OCO2,307.31,7.6
CHEMBL1762116,O=C1C(c2ccc(O)cc2O)=CC(=O)c2c(O)cccc21,282.25,21000
CHEMBL1762119,O=C1C=C(c2ccc(O)c(O)c2O)C(=O)c2c(O)ccc(O)c21,314.25,21400
CHEMBL1765714,O=c1ccc2cnc3ccc(-c4cn[nH]c4)cc3c2n1-c1ccc(F)cc1C(F)(F)F,424.36,532
CHEMBL1770624,CCNCc1ccc(-c2ccc3ncnc(NCC(C)(C)C)c3c2)o1,338.46,594
CHEMBL177820,Brc1c(Br)c(Br)c2[nH]nnc2c1Br,434.71,4360
CHEMBL1802358,O=C1NC(Nc2ccccc2)=N/C1=C\c1ccc2c(c1)OCO2,307.31,47.75
CHEMBL1802963,Nc1nccc(-c2c[nH]c3c(Br)cccc23)n1,289.14,79
CHEMBL1868723,FC(F)(F)c1cccc(Nc2nccc(-c3ccc4c(c3)OCO4)n2)c1,359.31,40
CHEMBL187081,COc1cccc(Nc2nccc(-c3cnn4ncccc34)n2)c1,318.34,12
CHEMBL1872011,c1cncc(CNc2ccnc(-c3ccc4cn[nH]c4c3)n2)c1,302.34,1752
CHEMBL1877990,c1cncc(CNc2nccc(-c3ccc4c(c3)OCO4)n2)c1,306.32,23.5
CHEMBL1882945,Clc1ccc(CNc2ncncc2-c2ccc3c(c2)OCO3)cc1,339.78,15299.5
CHEMBL188434,CCn1c(-c2nonc2N)nc2cncc(CNC3CCNCC3)c21,342.41,4900
CHEMBL1884711,c1cncc(CNc2ccnc(-c3ccc4[nH]ncc4c3)n2)c1,302.34,499.5
CHEMBL1885536,c1cc(-c2ccc3c(c2)OCO3)nc(Nc2ccc3c(c2)OCO3)n1,335.32,77.5
CHEMBL1885748,Clc1cc(Cl)cc(CNc2ncncc2-c2ccc3c(c2)OCO3)c1,374.23,1441
CHEMBL1892019,Clc1ccc(CNc2nccc(-c3ccc4[nH]ncc4c3)n2)cc1Cl,370.24,229.5
CHEMBL1894742,c1cncc(CNc2nccc(-c3ccc4cn[nH]c4c3)n2)c1,302.34,210
CHEMBL189657,CCn1c(-c2nonc2N)nc2cnccc21,230.23,110
CHEMBL1898197,Clc1ccc(CNc2nccc(-c3ccc4c(c3)OCO4)n2)cc1Cl,374.23,93
CHEMBL1898211,Clc1ccc(CNc2ccnc(-c3ccc4[nH]ncc4c3)n2)cc1Cl,370.24,3491
CHEMBL1899256,Brc1ccc(CNc2nccc(-c3ccc4c(c3)OCO4)n2)cc1Br,463.13,449.5
CHEMBL1899640,Clc1ccc(Nc2nccc(-c3ccc4c(c3)OCO4)n2)cc1,325.76,396.5
CHEMBL1902528,c1cncc(CNc2nccc(-c3ccc4[nH]ncc4c3)n2)c1,302.34,105.5
CHEMBL1904905,Clc1ccc(CNc2nccc(-c3ccc4c(c3)OCCO4)n2)cc1Cl,388.25,114
CHEMBL1933801,CC(C)(CC(=O)Nc1sc2c(c1C(=O)O)CCC2)NC(=O)Cc1sc2c(c1C(=O)O)CCC2,490.6,88130
CHEMBL1933802,COc1ccc2c(c1)CCc1sc(NC(=O)c3ccc(OC)c(OC)c3)nc1-2,396.47,24740
CHEMBL1933803,COc1ccc2c(Cl)c(C(=O)N(C)Cc3ccccc3)sc2c1,345.85,6390
CHEMBL1933804,COc1ccc2c(Cl)c(C(=O)NNC(=O)C3CCCCC3)sc2c1,366.87,19470
CHEMBL1933805,Cc1ccc(C(=O)Nc2nccc(-c3ccc4c(c3)OCCO4)n2)cc1,347.37,1510
CHEMBL1933806,CC(=O)Nc1cc(-c2ccc([N+](=O)[O-])cc2)n[nH]1,246.23,23710
CHEMBL1957115,COc1ccc2c(c1)[nH]c1c(C(C)=O)nccc12,240.26,66.7
CHEMBL2006765,CCCNC(=O)c1ccc(Nc2nc(NCC(F)(F)F)c3cc[nH]c3n2)cc1,392.39,2940
CHEMBL2012558,COc1ccc2c3ccnc(C)c3n(CCCN)c2c1,269.35,152
CHEMBL2088659,COc1ccc2[nH]c3c(=O)[nH]nc(C)c3c2c1,229.24,5000
CHEMBL2089032,CC(C)n1cnc2c(NCc3ccc(-c4ccccn4)cc3)nc(NC[C@@H](O)CO)nc21,433.52,710
CHEMBL2089033,CC(C)n1cnc2c(NCc3ccc(-c4ccccn4)cc3)nc(N[C@@H]3CCC[C@H](O)[C@@H]3O)nc21,473.58,890
CHEMBL2089034,CC(C)n1cnc2c(NCc3ccc(-c4ccccn4)cc3)nc(N3C[C@H](O)C[C@H]3CO)nc21,459.55,1600
CHEMBL2089035,CC(C)n1cnc2c(NCc3ccc(-c4ccccn4)cc3)nc(NCC[C@H](O)CO)nc21,447.54,790
CHEMBL2089036,CC(C)[C@H](N)C(=O)OC[C@H](O)CNc1nc(NCc2ccc(-c3ccccn3)cc2)c2ncn(C(C)C)c2n1.Cl,569.11,1100
CHEMBL2152265,Nc1cccc(-c2cnc3[nH]cc(-c4cccnc4)c3c2)c1,286.34,329
CHEMBL2164696,Cc1c2c(cc[n+]1Cc1ccccc1)c1ccc(OCC3CCCCC3)cc1n2CC1CCCCC1.[Br-],561.61,43000
CHEMBL2164709,Cc1nccc2c3ccc(OCc4ccccc4)cc3n(Cc3ccccc3)c12,378.48,16150
CHEMBL2164716,Cc1c2c(cc[n+]1Cc1ccccc1)c1ccc(OCc3ccccc3)cc1n2Cc1ccccc1.[Br-],549.51,21000
CHEMBL2180844,O=C(Nc1cccc2c1C1CCCCN1C2=O)Nc1ncccc1O,338.37,1800
CHEMBL2180851,O=C(Nc1cc(O)c2ccccc2n1)Nc1cccc2c1C1CCCCN1C2=O,388.43,5600
CHEMBL2180852,O=C(Nc1cccc(Br)n1)Nc1cccc2c1C1CCCCN1C2=O,401.26,3400
CHEMBL2180854,O=C(Nc1cc(Br)ccn1)Nc1cccc2c1C1CCCCN1C2=O,401.26,7600
CHEMBL2180855,O=C(Nc1cccc(F)n1)Nc1cccc2c1C1CCCCN1C2=O,340.36,3500
CHEMBL2180858,COc1cccnc1NC(=O)Nc1cccc2c1C1CCCCN1C2=O,352.39,8100
CHEMBL2180868,O=C(Nc1csc(-c2ccncc2)n1)Nc1cccc2c1C1CCCCN1C2=O,405.48,2400
CHEMBL2219849,Cc1c2c(cc[n+]1Cc1ccccc1)c1ccc(OCC3CCCCC3)cc1n2CC1CCCCC1,481.7,43000
CHEMBL2219889,Cc1c2c(cc[n+]1Cc1ccccc1)c1ccc(OCc3ccccc3)cc1n2Cc1ccccc1,469.61,21200
CHEMBL2295936,CCC[C@H](O)Nc1nc(Nc2cccc(-c3ncccn3)c2)c2ncn(C(C)C)c2n1,418.51,2100
CHEMBL2295937,CC(C)C[C@@H](O)Nc1nc(Nc2cccc(-c3ncccn3)c2)c2ncn(C(C)C)c2n1,432.53,2000
CHEMBL2295938,CC(C)C[C@H](O)Nc1nc(Nc2cccc(-c3ncccn3)c2)c2ncn(C(C)C)c2n1,432.53,2000
CHEMBL2295939,CC(C)C(O)Nc1nc(Nc2cccc(-c3ncccn3)c2)c2ncn(C(C)C)c2n1,418.51,4700
CHEMBL2295940,CC(O)C(O)Nc1nc(Nc2cccc(-c3ncccn3)c2)c2ncn(C(C)C)c2n1,420.48,7000
CHEMBL2295941,CC(C)CC[C@H](O)Nc1nc(Nc2cccc(-c3ncccn3)c2)c2ncn(C(C)C)c2n1,446.56,710
CHEMBL2295942,CC(C)n1cnc2c(Nc3cccc(-c4cncnc4)c3)nc(Cl)nc21,365.83,3000
CHEMBL2295945,CC(C)C[C@@H](O)Nc1nc(Nc2cccc(-c3cncnc3)c2)c2ncn(C(C)C)c2n1,432.53,1000
CHEMBL2295946,CC(C)C(O)Nc1nc(Nc2cccc(-c3cncnc3)c2)c2ncn(C(C)C)c2n1,418.51,3000
CHEMBL2295948,CCC[C@H](O)Nc1nc(Nc2ccc(-c3ncccn3)cc2)c2ncn(C(C)C)c2n1,418.51,650
CHEMBL2295949,CC(C)C[C@@H](O)Nc1nc(Nc2ccc(-c3ncccn3)cc2)c2ncn(C(C)C)c2n1,432.53,500
CHEMBL2295950,CC(C)C[C@H](O)Nc1nc(Nc2ccc(-c3ncccn3)cc2)c2ncn(C(C)C)c2n1,432.53,800
CHEMBL2295951,CC(C)n1cnc2c(Nc3ccc(-c4cncnc4)cc3)nc(Cl)nc21,365.83,3200
CHEMBL2295953,CCC[C@H](O)Nc1nc(Nc2ccc(-c3cncnc3)cc2)c2ncn(C(C)C)c2n1,418.51,1200
CHEMBL2295954,CC(C)C[C@@H](O)Nc1nc(Nc2ccc(-c3cncnc3)cc2)c2ncn(C(C)C)c2n1,432.53,510
CHEMBL2295955,CC(C)C[C@H](O)Nc1nc(Nc2ccc(-c3cncnc3)cc2)c2ncn(C(C)C)c2n1,432.53,1100
CHEMBL2295956,CC(C)CC[C@H](O)Nc1nc(Nc2ccc(-c3cncnc3)cc2)c2ncn(C(C)C)c2n1,446.56,1100
CHEMBL2295957,CC(C)n1cnc2c(Nc3ccc(-c4cncnc4)cc3)nc(NC(O)CCO)nc21,420.48,1200
CHEMBL2295958,CC(C)C(O)Nc1nc(Nc2ccc(-c3cncnc3)cc2)c2ncn(C(C)C)c2n1,418.51,2300
CHEMBL2311568,CC(C)n1c(C(CO)CO)nc2c(Nc3ccnnc3)ncnc21,329.36,1000
CHEMBL2314433,CC(C)[C@@H](CO)Nc1nc(Nc2ccnnc2)c2ncn(C(C)C)c2n1,356.43,480
CHEMBL2314434,CC(C)n1cnc2c(Nc3ccnnc3)nc(C(C)(C)CO)nc21,327.39,3000
CHEMBL2314435,CC[C@@H](CO)Nc1nc(Nc2ccnnc2)c2ncn(C(C)C)c2n1,342.41,300
CHEMBL2314436,CC(C)[C@H](CO)Nc1nc(Nc2ccnnc2)c2ncn(C(C)C)c2n1,356.43,280
CHEMBL2314437,CC[C@H](CO)Nc1nc(Nc2ccnnc2)c2ncn(C(C)C)c2n1,342.41,450
CHEMBL2314438,CC(C)n1cnc2c(Nc3ccnnc3)nc(Cl)nc21,289.73,3400
CHEMBL2314439,CC(C)n1cnc2c(Nc3cnccn3)nc(Cc3cnccn3)nc21,347.39,500
CHEMBL2314440,CC(C)n1c(Nc2cncc(C(C)(C)CO)n2)nc2cncnc21,327.39,4000
CHEMBL2314441,CC(C)[C@H](CO)Nc1cncc(Nc2nc3cncnc3n2C(C)C)n1,356.43,300
CHEMBL2314442,CC[C@H](CO)Nc1cncc(Nc2nc3cncnc3n2C(C)C)n1,342.41,400
CHEMBL2314443,CC(C)n1cnc2c(Nc3cnccn3)nc(Cl)nc21,289.73,9000
CHEMBL2314444,CC(C)n1c(C(CO)CO)nc2c(Nc3cncnc3)ncnc21,329.36,1900
CHEMBL2314445,CC(C)n1cnc2c(Nc3cncnc3)nc(C(C)(C)CO)nc21,327.39,2500
CHEMBL2314446,CC(C)[C@@H](CO)Nc1nc(Nc2cncnc2)c2ncn(C(C)C)c2n1,356.43,490
CHEMBL2314447,CC(C)[C@H](CO)Nc1nc(Nc2cncnc2)c2ncn(C(C)C)c2n1,356.43,300
CHEMBL2314448,CC[C@@H](CO)Nc1nc(Nc2cncnc2)c2ncn(C(C)C)c2n1,342.41,270
CHEMBL2314449,CC[C@H](CO)Nc1nc(Nc2cncnc2)c2ncn(C(C)C)c2n1,342.41,280
CHEMBL2314450,CC(C)n1cnc2c(Nc3cncnc3)nc(Nc3cncnc3)nc21,348.37,480
CHEMBL2314451,CC(C)n1cnc2c(Nc3cncnc3)nc(Cl)nc21,289.73,5300
CHEMBL2314452,CC(C)n1cnc2c(Nc3ccncn3)nc(C(C)(C)CO)nc21,327.39,16000
CHEMBL2314453,CC(C)n1c(C(CO)CO)nc2c(Nc3ccncn3)ncnc21,329.36,5800
CHEMBL2314454,CC(C)[C@@H](CO)Nc1nc(Nc2ccncn2)c2ncn(C(C)C)c2n1,356.43,1100
CHEMBL2314455,CC(C)[C@H](CO)Nc1nc(Nc2ccncn2)c2ncn(C(C)C)c2n1,356.43,1000
CHEMBL2314456,CC[C@H](CO)Nc1nc(Nc2ccncn2)c2ncn(C(C)C)c2n1,342.41,3200
CHEMBL2314457,CC[C@@H](CO)Nc1nc(Nc2ccncn2)c2ncn(C(C)C)c2n1,342.41,2800
CHEMBL2314459,CC(C)[C@@H](CO)Nc1nc(Nc2ncccn2)c2ncn(C(C)C)c2n1,356.43,7000
CHEMBL2314461,CC[C@@H](CO)Nc1nc(Nc2ncccn2)c2ncn(C(C)C)c2n1,342.41,2000
CHEMBL2314464,CC(C)[C@H](CO)Nc1nc(Nc2ccncc2)c2ncn(C(C)C)c2n1,355.45,780
CHEMBL2314465,CC(C)[C@@H](CO)Nc1nc(Nc2ccncc2)c2ncn(C(C)C)c2n1,355.45,900
CHEMBL2314466,CC[C@H](CO)Nc1nc(Nc2ccncc2)c2ncn(C(C)C)c2n1,341.42,4100
CHEMBL2314467,CC[C@@H](CO)Nc1nc(Nc2ccncc2)c2ncn(C(C)C)c2n1,341.42,800
CHEMBL2314468,CC(C)n1c(C(CO)CO)nc2c(Nc3cccnc3)ncnc21,328.38,1200
CHEMBL2314469,CC(C)n1cnc2c(Nc3ccncc3)nc(Cl)nc21,288.74,3900
CHEMBL2314470,CC(C)[C@@H](CO)Nc1nc(Nc2cccnc2)c2ncn(C(C)C)c2n1,355.45,400
CHEMBL2314471,CC(C)[C@H](CO)Nc1nc(Nc2cccnc2)c2ncn(C(C)C)c2n1,355.45,400
CHEMBL2314472,CC[C@@H](CO)Nc1nc(Nc2cccnc2)c2ncn(C(C)C)c2n1,341.42,1100
CHEMBL2314473,CC[C@H](CO)Nc1nc(Nc2cccnc2)c2ncn(C(C)C)c2n1,341.42,1000
CHEMBL2314474,CC(C)n1cnc2c(Nc3cccnc3)nc(Cl)nc21,288.74,2100
CHEMBL2314475,CC(C)[C@@H](CO)Nc1nc(Nc2ccccn2)c2ncn(C(C)C)c2n1,355.45,1200
CHEMBL2314476,CC(C)[C@H](CO)Nc1nc(Nc2ccccn2)c2ncn(C(C)C)c2n1,355.45,2000
CHEMBL2314477,CC[C@@H](CO)Nc1nc(Nc2ccccn2)c2ncn(C(C)C)c2n1,341.42,2100
CHEMBL2314478,CC[C@H](CO)Nc1nc(Nc2ccccn2)c2ncn(C(C)C)c2n1,341.42,3300
CHEMBL2314479,CC(C)n1cnc2c(Nc3ccccn3)nc(Cl)nc21,288.74,3800
CHEMBL23327,CC(C)[C@H](CO)Nc1nc(Nc2cccc(Cl)c2)c2ncn(C(C)C)c2n1,388.9,300
CHEMBL2386743,COC(=N)c1nc2ccc3ncnc(Nc4ccc(OC)cc4OC)c3c2s1,395.44,9.53
CHEMBL2386744,COC(=N)c1nc2ccc3ncnc(Nc4ccc(Br)cc4F)c3c2s1,432.28,1.88
CHEMBL2386745,COC(=N)c1nc2ccc3ncnc(Nc4ccc(F)cc4OC)c3c2s1,383.41,0.36
CHEMBL2386746,COC(=N)c1nc2ccc3ncnc(Nc4ccc(F)cc4Cl)c3c2s1,387.83,0.99
CHEMBL2386747,COC(=N)c1nc2ccc3ncnc(Nc4ccc(Cl)cc4Cl)c3c2s1,404.28,0.22
CHEMBL2386748,COC(=N)c1nc2ccc3ncnc(Nc4ccc(F)cc4F)c3c2s1,371.37,0.94
CHEMBL2386749,COC(=N)c1nc2ccc3ncnc(Nc4ccc(O)c([N+](=O)[O-])c4)c3c2s1,396.39,4.91
CHEMBL2386750,COC(=N)c1nc2ccc3ncnc(Nc4cccc(C#N)c4)c3c2s1,360.4,42.7
CHEMBL2386751,COC(=N)c1nc2ccc3ncnc(Nc4cccc(Cl)c4)c3c2s1,369.84,13.64
CHEMBL2386752,COC(=N)c1nc2ccc3ncnc(Nc4ccc(O)c(F)c4)c3c2s1,369.38,8.63
CHEMBL2386753,COC(=N)c1nc2ccc3ncnc(Nc4ccc5c(c4)OCO5)c3c2s1,379.4,1.65
CHEMBL2386754,CCOC(=N)c1nc2ccc3ncnc(Nc4ccc5c(c4)OCO5)c3c2s1,393.43,6.02
CHEMBL2386755,N=C(OCc1ccccc1)c1nc2ccc3ncnc(Nc4ccc5c(c4)OCO5)c3c2s1,455.5,33.93
CHEMBL2386756,CN(C)CCNC(=N)c1nc2ccc3ncnc(Nc4ccc5c(c4)OCO5)c3c2s1,435.51,431.2
CHEMBL2386757,NC(=O)c1nc2ccc3ncnc(Nc4ccc(Br)cc4F)c3c2s1,418.25,194.4
CHEMBL2386758,COC(=N)c1nc2ccc3ncnc(Nc4cc(OC)c(OC)c(OC)c4)c3c2s1,425.47,436.1
CHEMBL2386759,NC(=O)c1nc2ccc3ncnc(Nc4ccc(F)cc4Br)c3c2s1,418.25,26.2
CHEMBL2386760,COC(=O)c1nc2ccc3ncnc(Nc4ccc(Cl)cc4Cl)c3c2s1,405.27,5.1
CHEMBL2386761,COC(=N)c1nc2ccc3ncnc(Nc4ccc(OC)cc4)c3c2s1,365.42,13.08
CHEMBL2386762,COC(=N)c1nc2ccc3ncnc(Nc4ccc(Cl)cc4)c3c2s1,369.84,1.13
CHEMBL2386763,COC(=N)c1nc2ccc3ncnc(Nc4ccccc4)c3c2s1,335.39,1.81
CHEMBL2386764,COC(=N)c1nc2ccc3ncnc(Nc4ccc(C)cc4)c3c2s1,349.42,0.98
CHEMBL2386765,COC(=N)c1nc2ccc3ncnc(Nc4ccc(F)cc4)c3c2s1,353.38,6.06
CHEMBL2386766,COC(=N)c1nc2ccc3ncnc(Nc4ccc(C#N)cc4)c3c2s1,360.4,3.89
CHEMBL2386767,COC(=N)c1nc2ccc3ncnc(Nc4ccc(C(C)(C)C)cc4)c3c2s1,391.5,39.03
CHEMBL2386768,COC(=N)c1nc2ccc3ncnc(Nc4ccc(N(C)C)cc4)c3c2s1,378.46,35.64
CHEMBL2386769,COC(=N)c1nc2ccc3ncnc(Nc4ccc(C(F)(F)F)cc4)c3c2s1,403.39,18.26
CHEMBL2386770,COC(=N)c1nc2ccc3ncnc(Nc4ccc(F)cc4Br)c3c2s1,432.28,1.88
CHEMBL2392222,Fc1cc(CNc2ccnc(-c3ccc4c(c3)OCO4)n2)ccc1Cl,357.77,14600
CHEMBL2392223,Fc1ccc(CNc2ccnc(-c3ccc4c(c3)OCO4)n2)cc1F,341.32,23200
CHEMBL2392224,Fc1cc(F)cc(CNc2ccnc(-c3ccc4c(c3)OCO4)n2)c1,341.32,13000
CHEMBL2392225,Fc1ccc(CNc2ccnc(-c3ccc4c(c3)OCO4)n2)cc1Cl,357.77,14600
CHEMBL2392226,Fc1ccc(CNc2ccnc(-c3ccc4c(c3)OCO4)n2)cc1Br,402.22,6500
CHEMBL2392227,Fc1cc(CNc2ccnc(-c3ccc4c(c3)OCO4)n2)cc(F)c1F,359.31,20700
CHEMBL2392228,Clc1ccc(CNc2ncncc2-c2ccc3c(c2)OCO3)cc1Cl,374.23,3787
CHEMBL2392229,Clc1ccc(CNc2cc(-c3ccc4c(c3)OCO4)ncn2)cc1,339.78,9230
CHEMBL2392230,Clc1ccc(CNc2cc(-c3ccc4c(c3)OCO4)ncn2)cc1Cl,374.23,13040
CHEMBL2392231,Clc1cc(Cl)cc(CNc2cc(-c3ccc4c(c3)OCO4)ncn2)c1,374.23,3280
CHEMBL2392232,Fc1ccc(CNc2ccnc(-c3ccc4c(c3)OCO4)n2)cn1,324.31,32800
CHEMBL2392233,Clc1ccc(CNc2ccnc(-c3ccc4c(c3)OCO4)n2)cn1,340.77,29200
CHEMBL2392234,Brc1ccc(CNc2ccnc(-c3ccc4c(c3)OCO4)n2)cn1,385.22,26000
CHEMBL2392235,Fc1cncc(CNc2ccnc(-c3ccc4c(c3)OCO4)n2)c1,324.31,23200
CHEMBL2392236,Clc1cncc(CNc2ccnc(-c3ccc4c(c3)OCO4)n2)c1,340.77,26000
CHEMBL2392237,Brc1cncc(CNc2ccnc(-c3ccc4c(c3)OCO4)n2)c1,385.22,26000
CHEMBL2392238,Cc1ccc(CNc2ccnc(-c3ccc4c(c3)OCO4)n2)cn1,320.35,29200
CHEMBL2392239,c1ccc2ncc(CNc3ccnc(-c4ccc5c(c4)OCO5)n3)cc2c1,356.39,29200
CHEMBL2392240,c1ccc(CNc2ccnc(-c3ccc4c(c3)OCO4)n2)nc1,306.32,32800
CHEMBL2392241,c1cc(CNc2ccnc(-c3ccc4c(c3)OCO4)n2)ccn1,306.32,26000
CHEMBL2392242,c1ncc(CNc2ccnc(-c3ccc4c(c3)OCO4)n2)cn1,307.31,26000
CHEMBL2392246,COc1ccc(CNc2ccnc(-c3cccnc3)n2)cc1,292.34,32800
CHEMBL2392355,COc1cccc(-c2ncccn2)c1,186.21,26000
CHEMBL2392359,COc1ccc(-c2ccnc(NCc3ccc(Cl)cc3)n2)cc1,325.8,1314
CHEMBL2392360,COc1ccc(-c2ccnc(NCc3ccc(Cl)c(Cl)c3)n2)cc1,360.24,681.5
CHEMBL2392361,COc1cccc(-c2ccnc(NCc3ccc(Cl)cc3)n2)c1,325.8,6845.5
CHEMBL2392362,COc1cccc(-c2ccnc(NCc3ccc(Cl)c(Cl)c3)n2)c1,360.24,5237
CHEMBL2392363,Clc1ccc(CNc2nccc(-c3ccc4c(c3)OCO4)n2)cc1,339.78,260
CHEMBL2392364,Clc1cc(Cl)cc(CNc2nccc(-c3ccc4c(c3)OCO4)n2)c1,374.23,27
CHEMBL2392365,Brc1cc(Br)cc(CNc2nccc(-c3ccc4c(c3)OCO4)n2)c1,463.13,40.5
CHEMBL2392366,COc1ccc(-c2ccnc(NCc3ccc(Cl)c(Cl)c3)n2)cc1OC,390.27,26020
CHEMBL2392367,Clc1ccc(CNc2nccc(-c3ccc4cn[nH]c4c3)n2)cc1Cl,370.24,904.5
CHEMBL2392368,FC(F)(F)c1cc(Br)cc(Nc2nccc(-c3ccc4c(c3)OCO4)n2)c1,438.2,313.5
CHEMBL2392375,Clc1ccc(CNc2ccnc(-c3cccnc3)n2)cc1Cl,331.21,41200
CHEMBL2392378,Cc1ccc(CNc2ccnc(-c3cccc(C#N)c3)n2)cc1,300.37,41200
CHEMBL2392379,COc1cccc(-c2nccc(NCc3ccc(C)cc3)n2)c1,305.38,65400
CHEMBL2392385,COc1cccc(-c2nccc(NCc3ccc(Cl)cc3)n2)c1,325.8,20700
CHEMBL2392388,Clc1ccc(CNc2ccnc(-c3cccnc3)n2)cc1,296.76,29200
CHEMBL2392390,COc1ccc(CNc2ccnc(-c3ccc4c(c3)OCO4)n2)cc1,335.36,46300
CHEMBL2392391,COc1ccc(CNc2ccnc(-c3cccc(C#N)c3)n2)cc1,316.36,16400
CHEMBL2392392,COc1ccc(CNc2ccnc(-c3cccc(OC)c3)n2)cc1,321.38,26000
CHEMBL2425487,COc1cc(C)c(-c2c3c4cc(OC)c(O)cc4oc(=O)c3n3ccc4cc(O)c(OC)cc4c23)cc1O,513.5,241
CHEMBL269538,COc1ccc2c(c1)[nH]c1c(C)nccc12,212.25,97.08
CHEMBL270722,Cc1cc(=O)oc2cc3c([N+](=O)[O-])c(O)ccc3cc12,271.23,15000
CHEMBL297453,O=C(O[C@@H]1Cc2c(O)cc(O)cc2O[C@@H]1c1cc(O)c(O)c(O)c1)c1cc(O)c(O)c(O)c1,458.38,4700
CHEMBL301226,COc1ccc(-c2c3c4cc(OC)c(O)cc4oc(=O)c3n3ccc4cc(O)c(OC)cc4c23)cc1O,499.48,35
CHEMBL3092862,NCCOCCOCCOc1ccc(NC2=N/C(=C\c3ccc4c(c3)OCO4)C(=O)N2)cc1,454.48,50
CHEMBL3092863,NCCOCCOCCOCCOc1ccc(NC2=N/C(=C\c3ccc4c(c3)OCO4)C(=O)N2)cc1,498.54,28
CHEMBL3092864,NCCOCCOCCOc1ccc(NC2=N/C(=C\c3ccccc3)C(=O)N2)cc1,410.47,8500
CHEMBL3094434,CN1CCN(CCCNc2ncc3cc(C(=O)Nc4cc(C(=O)NC(CCN)c5ccccc5)ccc4Cl)c(=O)[nH]c3n2)CC1,632.17,6
CHEMBL3094435,CN1CCN(CCNc2ncc3cc(C(=O)Nc4cc(C(=O)NC(CCN)c5ccccc5)ccc4Cl)c(=O)[nH]c3n2)CC1,618.14,13
CHEMBL3094436,NCCC(NC(=O)c1ccc(Cl)c(NC(=O)c2cc3cnc(N4CCC(N)CC4)nc3[nH]c2=O)c1)c1ccccc1,575.07,9
CHEMBL3094437,NCCC(NC(=O)c1ccc(Cl)c(NC(=O)c2cc3cnc(N4CC5CCC(C4)O5)nc3[nH]c2=O)c1)c1ccccc1,588.07,5
CHEMBL3094438,Cc1ncc2cc(C(=O)Nc3cc(C(=O)NC(CCN)c4ccccc4)ccc3Cl)c(=O)[nH]c2n1,490.95,37
CHEMBL3094439,COc1nc(C)c2cc(C(=O)Nc3cc(C(=O)NC(CCN)c4ccccc4)ccc3Cl)c(=O)[nH]c2n1,520.98,52
CHEMBL3094440,COC(=O)c1ccc(C)c(NC(=O)c2cc3cc(OC)c(OC)cc3[nH]c2=O)c1,396.4,320
CHEMBL3094441,COC(=O)c1ccc(C)c(NC(=O)c2cc3cnc(OC)nc3[nH]c2=O)c1,368.35,116
CHEMBL3094442,COC(=O)c1ccc(Cl)c(NC(=O)c2cc3cnc(OC)nc3[nH]c2=O)c1,388.77,97
CHEMBL3094444,COc1ncc2cc(C(=O)Nc3cc(C(N)=O)ccc3Cl)c(=O)[nH]c2n1,373.76,47
CHEMBL3094445,CNC(=O)c1ccc(Cl)c(NC(=O)c2cc3cnc(OC)nc3[nH]c2=O)c1,387.78,107
CHEMBL3094446,COc1ncc2cc(C(=O)Nc3cc(C(=O)Nc4ccccc4)ccc3Cl)c(=O)[nH]c2n1,449.85,780
CHEMBL3094447,COc1ncc2cc(C(=O)Nc3cc(C(=O)NCc4ccccc4)ccc3Cl)c(=O)[nH]c2n1,463.88,180
CHEMBL3094448,COc1ncc2cc(C(=O)Nc3cc(C(=O)NCc4cccc(Cl)c4)ccc3Cl)c(=O)[nH]c2n1,498.33,22
CHEMBL3094449,COc1ncc2cc(C(=O)Nc3cc(C(=O)NCCc4cccc(Cl)c4)ccc3Cl)c(=O)[nH]c2n1,512.35,342
CHEMBL3094450,COc1ncc2cc(C(=O)Nc3cc(C(=O)N(C)Cc4cccc(Cl)c4)ccc3Cl)c(=O)[nH]c2n1,512.35,305
CHEMBL3094451,COc1ncc2cc(C(=O)Nc3cc(C(=O)NCc4cccs4)ccc3Cl)c(=O)[nH]c2n1,469.91,41
CHEMBL3094452,COc1ncc2cc(C(=O)Nc3cc(C(=O)NCc4ccsc4)ccc3Cl)c(=O)[nH]c2n1,469.91,30
CHEMBL3094453,COc1ncc2cc(C(=O)Nc3cc(-c4nnn(Cc5ccccc5)n4)ccc3Cl)c(=O)[nH]c2n1,488.9,6520
CHEMBL3094454,COc1ncc2cc(C(=O)Nc3cc(C(=O)NC(CN)c4ccccc4)ccc3Cl)c(=O)[nH]c2n1,492.92,8
CHEMBL3094455,COc1ncc2cc(C(=O)Nc3cc(C(=O)NC(CCN)c4ccccc4)ccc3Cl)c(=O)[nH]c2n1,506.95,9
CHEMBL3094456,COc1ncc2cc(C(=O)Nc3cc(C(=O)NC(CCCN)c4ccccc4)ccc3Cl)c(=O)[nH]c2n1,520.98,15
CHEMBL3094457,COc1ncc2cc(C(=O)Nc3cc(C(=O)NC(CCCCN)c4ccccc4)ccc3Cl)c(=O)[nH]c2n1,535,797
CHEMBL3094458,COc1ncc2cc(C(=O)Nc3cc(C(=O)NCCCN)ccc3Cl)c(=O)[nH]c2n1,430.85,1610
CHEMBL3094459,COc1ncc2cc(C(=O)Nc3cc(C(=O)NC(CCN)C4CCCCC4)ccc3Cl)c(=O)[nH]c2n1,513,301
CHEMBL3094460,COc1ncc2cc(C(=O)Nc3cc(C(=O)N[C@H](CCN)c4ccccc4)ccc3Cl)c(=O)[nH]c2n1,506.95,9
CHEMBL3094461,COc1ncc2cc(C(=O)Nc3cc(C(=O)N[C@@H](CCN)c4ccccc4)ccc3Cl)c(=O)[nH]c2n1,506.95,1030
CHEMBL3094462,COc1ncc2cc(C(=O)Nc3cc(C(=O)NC(CCN)c4cccc(Cl)c4)ccc3Cl)c(=O)[nH]c2n1,541.4,12
CHEMBL3094463,COc1ncc2cc(C(=O)Nc3cc(C(=O)NC4(c5cccc(Cl)c5)CCNCC4)ccc3Cl)c(=O)[nH]c2n1,567.43,1229
CHEMBL3094464,COc1ncc2cc(C(=O)Nc3cc(C(=O)N4CCc5ccccc5C4)ccc3Cl)c(=O)[nH]c2n1,489.92,4010
CHEMBL3094465,COc1ncc2cc(C(=O)Nc3cc(C(=O)NC(CCN(C)C)c4cccc(Cl)c4)ccc3Cl)c(=O)[nH]c2n1,569.45,156
CHEMBL3102932,COc1ccc(-c2cc3c(-c4ccccc4)c[nH]c3cn2)cc1,300.36,17000
CHEMBL3102933,Oc1ccc(-c2cc3c(-c4ccccc4)c[nH]c3cn2)cc1,286.33,27400
CHEMBL3102950,Oc1ccc(-c2cnc3[nH]cc(-c4ccc(O)cc4)c3c2)cc1,302.33,14
CHEMBL3103192,CC(=O)Nc1cc(Nc2cc(NC3CC3)n3ncc(C#N)c3n2)ccc1N(C)CCN,419.49,40
CHEMBL3133762,Nc1nccc(-c2cn(C(=O)N3CCOCC3)c3ccc(Br)cc23)n1,402.25,500
CHEMBL3133767,Nc1nccc(-c2cn(C(=O)c3ccccc3)c3ccccc23)n1,314.35,3100
CHEMBL3133768,Nc1nccc(-c2cn(C(=O)c3ccccc3)c3ccc(Br)cc23)n1,393.24,830
CHEMBL3133771,Cc1noc(C)c1Cn1cc(-c2ccnc(N)n2)c2cc(Br)ccc21,398.26,1800
CHEMBL3133776,COCCn1cc(-c2ccnc(N)n2)c2cc(Br)ccc21,347.22,1300
CHEMBL3193172,O=C1OCC/C1=C\c1ccc2c(c1)OCO2,218.21,600
CHEMBL319467,NS(=O)(=O)c1ccc(Nc2nc(OCC3CCCCC3)c3nc[nH]c3n2)cc1,402.48,900
CHEMBL3219057,COc1ccc2[nH]c(-c3ccccc3)c(-c3ccncc3)c2n1,301.35,1300
CHEMBL3219058,COc1ccc2[nH]c(-c3ccccc3O)c(-c3ccncc3)c2n1,317.35,230
CHEMBL3219059,COc1ccc2[nH]c(-c3cccc(O)c3)c(-c3ccncc3)c2n1,317.35,700
CHEMBL3219060,COc1ccc2[nH]c(-c3ccc(O)cc3)c(-c3ccncc3)c2n1,317.35,470
CHEMBL3219061,COc1ccc2[nH]c(-c3cccc(F)c3)c(-c3ccncc3)c2n1,319.34,1800
CHEMBL3219062,COc1ccc2[nH]c(-c3ccc4cc(O)ccc4c3)c(-c3ccncc3)c2n1,367.41,840
CHEMBL3297831,Cn1c2c(O)cccc2c(=O)c2c3occc3c3c(c21)C=CC(C)(C)O3,347.37,5700
CHEMBL3297832,COc1c(O)ccc2c(=O)c3c(O)cc4c(c3[nH]c12)C=CC(C)(C)O4,339.35,75
CHEMBL3335350,O=C(c1cccc(O)c1)c1cc2cc(O)ccc2s1,270.31,400
CHEMBL3335351,O=C(c1cccc(O)c1)c1cc2cc(O)ccc2o1,254.24,3100
CHEMBL3335352,O=C(c1cccc(O)c1)c1cc2cc(O)ccc2[nH]1,253.26,15000
CHEMBL3335353,Cn1c(C(=O)c2cccc(O)c2)cc2cc(O)ccc21,267.28,3400
CHEMBL3335354,O=C(c1ccc(O)cc1)c1cc2cc(O)ccc2s1,270.31,3400
CHEMBL3335355,O=C(c1ccc(O)cc1)c1cc2cc(O)ccc2o1,254.24,9700
CHEMBL3335356,Cc1ccc(C(=O)c2cc3cc(O)ccc3s2)cc1O,284.34,200
CHEMBL3335357,Cc1cc(C(=O)c2cc3cc(O)ccc3s2)ccc1O,284.34,11000
CHEMBL3335358,O=C(c1cc2cc(O)ccc2s1)c1cc(O)ccc1F,288.3,2000
CHEMBL3335359,O=C(c1ccc(F)c(O)c1)c1cc2cc(O)ccc2s1,288.3,1200
CHEMBL3335360,N#Cc1cccc(C(=O)c2cc3cc(O)ccc3s2)c1,279.32,6000
CHEMBL3335361,O=C(c1ccccc1)c1cc2cc(O)ccc2s1,254.31,2000
CHEMBL3335362,O=C(c1cccc(O)c1)c1cc2ccccc2s1,254.31,42000
CHEMBL3335363,CC(=O)c1cc2cc(O)ccc2s1,192.24,200
CHEMBL3335365,COc1ccc2sc(C(=O)N(C)OC)cc2c1,251.31,900
CHEMBL3335366,O=C(c1cccc(O)c1)c1ccc2cc(O)ccc2c1,264.28,2900
CHEMBL3338886,COc1ccc(-c2n[nH]c(=O)c3[nH]c4ccc(OC)cc4c23)cc1,321.34,1500
CHEMBL3338888,COc1ccc2[nH]c3c(=O)[nH]nc(-c4ccco4)c3c2c1,281.27,220
CHEMBL3338891,COc1ccc(Nc2cc(-c3ccc(OC)cc3)n[nH]c2=O)cc1,323.35,5100
CHEMBL3338893,COc1ccc(Nc2cc(-c3ccncc3)n[nH]c2=O)cc1,294.31,610
CHEMBL3421968,COc1cc(N2CCN(C)CC2)ccc1Nc1nccc(-c2cn(C)c3cnccc23)n1,429.53,30000
CHEMBL3421979,Cc1nccc(-c2c[nH]c3cnccc23)n1,210.24,19
CHEMBL3426272,Nc1nccc(-c2cn(S(=O)(=O)c3ccc(C(F)(F)F)cc3[N+](=O)[O-])c3ccc(Br)cc23)n1,542.29,530
CHEMBL3589653,O=C(O)c1nc2ccccc2c2[nH]c3ccccc3c12,262.27,2600
CHEMBL3589660,O=C(O)c1nc2ccccc2c2[nH]c3c(Cl)cccc3c12,296.71,31
CHEMBL3589661,O=C(O)c1nc2ccccc2c2[nH]c3c(Br)cccc3c12,341.16,20
CHEMBL3589662,O=C(O)c1nc2ccccc2c2[nH]c3c(I)cccc3c12,388.16,868.67
CHEMBL3589663,COc1cccc2c1[nH]c1c3ccccc3nc(C(=O)O)c21,292.29,32
CHEMBL3589664,COc1ccc2c(c1)nc(C(=O)O)c1c3cccc(F)c3[nH]c21,310.28,320
CHEMBL3589665,COc1ccc2c(c1)nc(C(=O)O)c1c3cccc(Cl)c3[nH]c21,326.74,23
CHEMBL3589666,COc1ccc2c(c1)nc(C(=O)O)c1c3cccc(Br)c3[nH]c21,371.19,18
CHEMBL3589667,COc1ccc2c(c1)nc(C(=O)O)c1c3cccc(I)c3[nH]c21,418.19,22
CHEMBL3589668,O=C(O)c1nc2cc(Cl)ccc2c2[nH]c3c(Cl)cccc3c12,331.16,2300
CHEMBL3589669,CCOc1ccc2c(c1)nc(C(=O)O)c1c3cccc(Cl)c3[nH]c21,340.77,2000
CHEMBL3589670,O=C(O)c1nc2ccc(I)cc2c2[nH]c3c(F)cccc3c12,406.15,10000
CHEMBL3589671,O=C(O)c1nc2ccc(I)cc2c2[nH]c3c(Cl)cccc3c12,422.61,180
CHEMBL3589672,O=C(O)c1nc2ccc(I)cc2c2[nH]c3c(Br)cccc3c12,467.06,120
CHEMBL3589673,COc1ccc2nc(C(=O)O)c3c4cccc(Cl)c4[nH]c3c2c1,326.74,39
CHEMBL3589674,COc1cccc(-c2ccc3nc(C(=O)O)c4c5cccc(Cl)c5[nH]c4c3c2)c1,402.84,41
CHEMBL3589675,COc1ccc(-c2ccc3nc(C(=O)O)c4c5cccc(Cl)c5[nH]c4c3c2)cc1,402.84,56
CHEMBL3589774,O=C(O)c1nc2ccsc2c2[nH]c3c(Cl)cccc3c12,302.74,170
CHEMBL3589775,O=C(O)c1nc2cccnc2c2[nH]c3c(Br)cccc3c12,342.15,130
CHEMBL359554,c1ccc(Nc2nccc(-c3cnn4ncccc34)n2)cc1,288.31,38
CHEMBL359794,N#Cc1ccc(Nc2nccc(-c3cnn4ncccc34)n2)cc1,313.32,103
CHEMBL3597991,c1cncc(-c2csc(-c3cncs3)c2)c1,244.34,100
CHEMBL360866,CN(c1ccccc1)c1nccc(-c2cnn3ncccc23)n1,302.34,186
CHEMBL3609564,O=C(Nc1ccccn1)Nc1cccc2c1C1CC3(CCN1C2=O)OCCO3,380.4,80000
CHEMBL3609567,O=C1CCN2C(=O)c3cccc(NC(=O)Nc4ccccn4)c3C2C1,336.35,25000
CHEMBL3609568,O=C(Nc1ccccn1)Nc1cccc2c1[C@@H]1C[C@H](O)CCN1C2=O,338.37,34000
CHEMBL3609569,O=C(Nc1cnccn1)Nc1cccc2c1C1CC3(CCN1C2=O)OCCO3,381.39,93000
CHEMBL3609656,O=C1CCN2C(=O)c3cccc(NC(=O)Nc4cnccn4)c3C2C1,337.34,50000
CHEMBL3609662,Cc1cccc(NC(=O)Nc2cccc3c2[C@@H]2C[C@H](O)CCN2C3=O)n1,352.39,7000
CHEMBL3609671,Cc1cccnc1NC(=O)Nc1cccc2c1[C@@H]1C[C@H](O)CCN1C2=O,352.39,6200
CHEMBL3609745,O=C(Nc1cccc(Br)n1)Nc1cccc2c1C1CC3(CCN1C2=O)SCCS3,491.44,8700
CHEMBL366259,Cc1ccccc1Nc1nccc(-c2cnn3ncccc23)n1,302.34,64
CHEMBL3735506,COCCN1CCC(CNC(=O)c2n[nH]c3ccc(-c4cccc(F)c4F)cc23)CC1,428.48,40
CHEMBL373937,Brc1c(Br)c(Br)c2[nH]cnc2c1Br,433.72,2100
CHEMBL3751934,COc1cccc2c(/C(C#N)=C/c3cccnc3)c[nH]c12,275.31,1200
CHEMBL3753668,N#C/C(=C\c1cccnc1)c1c[nH]c2ncccc12,246.27,21
CHEMBL3753782,COc1cccc2[nH]cc(/C(C#N)=C/c3cccnc3)c12,275.31,6000
CHEMBL3753955,N#C/C(=C\c1cccnc1)c1c[nH]c2ccccc12,245.28,5500
CHEMBL3753970,COc1ccc2c(/C(C#N)=C/c3cccnc3)c[nH]c2c1,275.31,1600
CHEMBL3754608,COc1ccc2[nH]cc(/C(C#N)=C/c3cccnc3)c2c1,275.31,6300
CHEMBL376505,CN(C)c1nc2c(Br)c(Br)c(Br)c(Br)c2[nH]1,476.79,260
CHEMBL3774448,O=C1NC(=S)S/C1=C\c1ccc2ncccc2c1,272.35,710
CHEMBL3774667,COc1ccc(/C=C2\NC(=O)SC2=O)cc1,235.26,1300
CHEMBL3774696,O=C1OCC/C1=C\c1ccc2c(c1)OCCO2,232.24,880
CHEMBL3774704,O=C1OCC/C1=C\c1ccc2ncsc2c1,231.28,165
CHEMBL3774736,COc1ccc(/C=C2\CCCOC2=O)cc1,218.25,1100
CHEMBL3774830,O=C1NC(=S)S/C1=C\c1ccc2c(c1)CCO2,263.34,100
CHEMBL3775111,CC1C/C(=C\c2ccc3c(c2)CCO3)C(=O)O1,230.26,1135
CHEMBL3775193,O=C1OCC/C1=C\c1ccc2c(c1)CCCO2,230.26,930
CHEMBL3775393,O=C1NC(=S)S/C1=C\c1ccc2ncsc2c1,278.38,1070
CHEMBL3775538,CC1C/C(=C\c2ccc3ncsc3c2)C(=O)O1,245.3,1080
CHEMBL3775754,O=C1NC(=S)N/C1=C\c1ccc2ncsc2c1,261.33,700
CHEMBL3775821,O=C1OCC/C1=C\c1ccc2c(c1)CCO2,216.24,960
CHEMBL3775949,COc1ccc(/C=C2/SC(=S)NC2=O)cc1,251.33,250
CHEMBL3775969,COc1ccc(/C=C2\CC(C)OC2=O)cc1,218.25,1200
CHEMBL3785408,Cc1cccc(NC(=O)Nc2cccc3c2C2CCCCN2C3=O)n1,336.4,2200
CHEMBL3785571,Cc1cccnc1NC(=O)Nc1cccc2c1C1CCCCN1C2=O,336.4,4000
CHEMBL3785771,Cc1nccnc1NC(=O)Nc1cccc2c1C1CCCCN1C2=O,337.38,4500
CHEMBL3786276,O=C(Nc1cc(CN2CCOCC2)ccn1)Nc1cccc2c1C1CCCCN1C2=O,421.5,7100
CHEMBL3786430,O=C(Nc1cc(CN2CCCCC2)ccn1)Nc1cccc2c1C1CCCCN1C2=O,419.53,3600
CHEMBL3786624,O=Cc1cccc(NC(=O)Nc2cccc3c2C2CCCCN2C3=O)n1,350.38,2800
CHEMBL3787081,COCc1ccnc(NC(=O)Nc2cccc3c2C2CCCCN2C3=O)c1,366.42,4700
CHEMBL3787093,COC(=O)c1cccc(NC(=O)Nc2cccc3c2C2CCCCN2C3=O)n1,380.4,5100
CHEMBL3787135,O=C(Nc1ccc2ccccc2n1)Nc1cccc2c1C1CCCCN1C2=O,372.43,9000
CHEMBL3787512,O=C(Nc1cc(CO)ccn1)Nc1cccc2c1C1CCCCN1C2=O,352.39,4600
CHEMBL3787557,CN1CCN(Cc2ccnc(NC(=O)Nc3cccc4c3C3CCCCN3C4=O)c2)CC1,434.54,3000
CHEMBL380093,COc1cc(/C=C2\C(=O)NN(c3ccc(Cl)c(Cl)c3)C2=O)ccc1O,379.2,2500
CHEMBL38043,COc1ccc(/C=C2\NC(=O)NC2=O)cc1,218.21,6400
CHEMBL3883414,N#Cc1cc2cnccc2c2[nH]c3ccc(F)cc3c12,261.26,310
CHEMBL3883448,COc1ccc2c(-c3ccncc3)c[nH]c2n1,225.25,5800
CHEMBL3883458,N#Cc1cc2cnccc2c2[nH]c3ccc(Cl)cc3c12,277.71,4000
CHEMBL3883541,N#Cc1cc2ccccc2c2[nH]c3ccccc3c12,242.28,2300
CHEMBL3883580,N#Cc1cc2ncccc2c2[nH]c3ccccc3c12,243.27,10000
CHEMBL3883639,COc1ccc2[nH]c3c4ccncc4cc(C#N)c3c2c1,273.3,370
CHEMBL3883660,COc1ccc2c(c1)[nH]c1c3ccncc3cc(C#N)c21,273.3,25
CHEMBL3883764,N#Cc1cc2cnccc2c2[nH]c3ccccc3c12,243.27,50
CHEMBL3883820,N#Cc1cc2ccncc2c2[nH]c3ccccc3c12,243.27,370
CHEMBL3884015,N#Cc1cc2cnccc2c2[nH]c3ncccc3c12,244.26,440
CHEMBL3884031,COc1ccc2c(CC#N)c(-c3ccncc3)[nH]c2n1,264.29,7300
CHEMBL3884086,N#C/C(=C\c1cccnc1)c1c[nH]c2ccc(F)cc12,263.27,1800
CHEMBL3884250,COc1cccc2[nH]c3c4ccncc4cc(C#N)c3c12,273.3,850
CHEMBL3884319,CC1(C)C(=O)N([C@H]2CCc3c(O)cccc32)c2nc(Nc3ccccc3)ncc21,386.45,10000
CHEMBL3884570,COc1ccc2c(/C(C#N)=C/c3cccnc3)c[nH]c2n1,276.3,180
CHEMBL3884583,COc1ccc2c(c1)[nH]c1c3c(OC)cncc3cc(C(N)=O)c21,321.34,3300
CHEMBL3884627,COc1cccc2c1[nH]c1c3ccncc3cc(C(N)=O)c21,291.31,600
CHEMBL3884821,COc1ccc2c(c1)[nH]c1c3c(OC)cncc3cc(C#N)c21,303.32,18
CHEMBL3884845,COc1ccc2c(c1)[nH]c1c3ccncc3cc(CN(C)C)c21,305.38,670
CHEMBL3884861,COc1ccc2c(c1)[nH]c1c3ccncc3cc(C(N)=O)c21,291.31,2000
CHEMBL3884932,COc1ccc2[nH]c3c4c(OC)cncc4cc(C#N)c3c2c1,303.32,600
CHEMBL3885021,COc1ccc2[nH]cc3c2c1C(C)NC(c1cccnc1)=C3C#N,316.36,5000
CHEMBL3885036,COc1ccc2[nH]c3c(=O)[nH]c(-c4cccnc4)c(C#N)c3c2c1,316.32,4300
CHEMBL3885043,N#C/C(=C\c1cccnc1)c1c[nH]c2ccc(Cl)cc12,279.73,3300
CHEMBL3885316,COc1ccc2c(n1)[nH]c1c3ccncc3cc(C#N)c21,274.28,200
CHEMBL3885328,COc1ccc2c(c1)[nH]c1c3ccncc3cc(CN)c21,277.33,870
CHEMBL3885333,COc1ccc2[nH]cc(/C(C#N)=C/c3cnccc3C)c2c1,289.34,5500
CHEMBL3885335,COc1ccc2[nH]cc(-c3cc4cnccc4cc3NC(C)=O)c2c1,331.38,850
CHEMBL3885360,COc1ccc2c(c1)[nH]c1c3ccncc3cc(CNC(C)=O)c21,319.36,970
CHEMBL3885431,COc1cccc2c1[nH]c1c3ccncc3cc(C#N)c21,273.3,27
CHEMBL388978,CN[C@@H]1C[C@H]2O[C@@](C)([C@@H]1OC)n1c3ccccc3c3c4c(c5c6ccccc6n2c5c31)C(=O)NC4,466.54,11.96
CHEMBL3893495,COC(=O)c1nc2ccc3ncnc(Nc4ccc5c(c4)OCO5)c3c2s1,380.39,500
CHEMBL3894571,COC(=N)c1nc2ccc3ncnc(Nc4ccc(OC)cc4F)c3c2s1,383.41,0.36
CHEMBL3896497,COc1cc(Nc2ncnc3ccc4nc(C(N)=O)sc4c23)cc(OC)c1OC,411.44,5500
CHEMBL3898860,COC(=N)c1nc2ccc3ncnc(Nc4ccc5c(c4)CCO5)c3c2s1,377.43,17.48
CHEMBL3900000,COC(=N)c1nc2ccc3ncnc(Nc4ccc(OC)c([N+](=O)[O-])c4)c3c2s1,410.42,123.5
CHEMBL3904523,NC(=O)c1nc2ccc3ncnc(Nc4ccc5c(c4)OCO5)c3c2s1,365.37,500
CHEMBL3905538,COC(=N)c1nc2ccc3ncnc(Nc4ccc(OC)c(O)c4)c3c2s1,381.42,4.25
CHEMBL3906791,COC(=N)c1nc2ccc3ncnc(N(C)c4ccc(OC)cc4)c3c2s1,379.45,79.85
CHEMBL3908596,NC(=O)c1cc(-c2cn3cc(Br)ccc3n2)ccc1O,332.16,2600
CHEMBL3909052,CCOC(=N)c1nc2ccc3ncnc(Nc4ccc(Br)cc4F)c3c2s1,446.31,33.2
CHEMBL3909053,NC(=O)c1nc2ccc3ncnc(Nc4ccc(F)c(Cl)c4)c3c2s1,373.8,5500
CHEMBL3911303,COC(=N)c1nc2ccc3ncnc(N(C)c4ccc(OC)c(OC)c4)c3c2s1,409.47,3768
CHEMBL3911342,COc1ccc(Nc2ncnc3ccc4nc(C5=NCCO5)sc4c23)cc1,377.43,11000
CHEMBL3912295,COC(=N)c1nc2ccc3ncnc(Nc4ccc5c(c4)OCCO5)c3c2s1,393.43,8
CHEMBL3913247,N=C(NCc1ccc(F)cc1)c1nc2ccc3ncnc(Nc4ccc(Br)cc4F)c3c2s1,525.38,5500
CHEMBL3915647,COC(=N)c1nc2ccc3ncnc(Nc4cc(Br)c5c(c4)OCO5)c3c2s1,458.3,2.76
CHEMBL3915671,N=C(NCCN1CCCCC1)c1nc2ccc3ncnc(Nc4ccc5c(c4)OCO5)c3c2s1,475.58,5500
CHEMBL3916163,CCCCOC(=N)c1nc2ccc3ncnc(Nc4ccc(Cl)cc4Cl)c3c2s1,446.36,47.5
CHEMBL3917542,NC(=O)c1cc(-c2cn3cc(Cl)ccc3n2)ccc1O,287.71,8900
CHEMBL3919084,N=C(NCCN1CCCC1)c1nc2ccc3ncnc(Nc4ccc5c(c4)OCO5)c3c2s1,461.55,5500
CHEMBL3921110,COC(=N)c1nc2ccc3ncnc(Nc4ccc(OC)c(OC)c4)c3c2s1,395.44,128.8
CHEMBL3921510,CC(C)OC(=O)c1nc2ccc3ncnc(Nc4ccc5c(c4)OCO5)c3c2s1,408.44,124.7
CHEMBL3923825,NC(=O)c1cc(-c2cn3ccncc3n2)ccc1O,254.25,6000
CHEMBL3930050,COC(=N)c1nc2ccc3ncnc(Nc4ccc(O)cc4)c3c2s1,351.39,500
CHEMBL3931248,CN(C)C(=N)c1nc2ccc3ncnc(Nc4ccc(Br)cc4F)c3c2s1,445.32,146.6
CHEMBL3934766,COC(=N)c1nc2ccc3ncnc(Nc4ccc(F)c(Cl)c4)c3c2s1,387.83,500
CHEMBL3935442,NC(=O)c1cc(-c2cn3ccccc3n2)ccc1O,253.26,4000
CHEMBL3940669,NC(=O)c1nc2ccc3ncnc(Nc4ccc(Cl)cc4Cl)c3c2s1,390.26,34.9
CHEMBL3945429,NC(=O)c1cc(-c2cn3cc(F)ccc3n2)ccc1O,271.25,4700
CHEMBL3945621,COc1ccc(Nc2ncnc3ccc4nc(C(=N)NCc5ccccc5)sc4c23)cc1,440.53,5500
CHEMBL3954779,C#Cc1cccc(Nc2ncnc3ccc4nc(C(=N)OC)sc4c23)c1,359.41,40.76
CHEMBL3957886,COc1ccc(Nc2ncnc3ccc4nc(C(N)=O)sc4c23)cc1,351.39,142.5
CHEMBL3958753,CN(C)C(=N)c1nc2ccc3ncnc(Nc4ccc(F)c(Cl)c4)c3c2s1,400.87,5500
CHEMBL3960099,COC(=N)c1nc2ccc3ncnc(Nc4cc(OC)cc(OC)c4)c3c2s1,395.44,298.9
CHEMBL3962894,NC(=O)c1cc(-c2cn3cc(O)ccc3n2)ccc1O,269.26,3000
CHEMBL3964211,N=C(NCCN1CCOCC1)c1nc2ccc3ncnc(Nc4ccc5c(c4)OCO5)c3c2s1,477.55,5500
CHEMBL3970062,COC(=N)c1nc2ccc3ncnc(Nc4ccc(Cl)c(Cl)c4)c3c2s1,404.28,66.82
CHEMBL3971170,COC(=N)c1nc2ccc3ncnc(Nc4ccc(Cl)cc4F)c3c2s1,387.83,0.99
CHEMBL3975006,CCN(CC)CCNC(=N)c1nc2ccc3ncnc(Nc4ccc(OC)cc4)c3c2s1,449.58,5500
CHEMBL3975059,COc1ccc(Nc2ncnc3ccc4nc(C(=N)N(C)C)sc4c23)cc1,378.46,500
CHEMBL3978290,COc1ccc(Nc2ncnc3ccc4nc(C(N)=O)sc4c23)cc1OC,381.42,5500
CHEMBL3982462,COC(=N)c1nc2ccc3ncnc(Nc4ccc(N5CCCC5)cc4)c3c2s1,404.5,54.84
CHEMBL3983413,COC(=N)c1nc2ccc3ncnc(Nc4ccc5nc[nH]c5c4)c3c2s1,375.42,4.44
CHEMBL3986079,CN1C(=O)[C@H]2CCC[C@H]2N(C2CCCC2)c2nc(Nc3ccc(C(N)=O)cc3)ncc21,420.52,4200
CHEMBL3986536,N=C(NCc1ccncc1)c1nc2ccc3ncnc(Nc4ccc(Br)cc4F)c3c2s1,508.38,5500
CHEMBL3987173,CCN(CC)CCNC(=N)c1nc2ccc3ncnc(Nc4ccc5c(c4)OCO5)c3c2s1,463.57,5500
CHEMBL4060440,Cc1cc(-c2ccc3ncc4nnn([C@@H](C)c5ccc(F)cc5)c4c3c2)ccn1,383.43,1303
CHEMBL4061394,Clc1cccc(-c2cnc3ccc(Cl)nn23)c1,264.12,1400
CHEMBL4061526,CC[C@@H](CO)Nc1ccc2ncc(-c3cccc(NC(C)=O)c3)n2n1,339.4,39
CHEMBL4062218,CNC(=O)c1ccc(Nc2nc(OC3CCCC3)c3c(-c4ccc5nc(C)oc5c4)c[nH]c3n2)c(OC)c1,512.57,104
CHEMBL4062453,CN(C)CCn1cc(-c2ccn3c(-c4ccc(C(N)=O)c(OCc5cccc(F)c5)c4)cnc3c2)cn1,498.56,6.5
CHEMBL4062568,COc1ccc2ncc(-c3ccnc([S+](C)[O-])n3)n2n1,289.32,5100
CHEMBL4062683,CC[C@@H](CO)Nc1ccc2ncc(-c3ccnc(S(C)(=O)=O)n3)n2n1,362.42,1800
CHEMBL4062820,CC[C@@H](CO)Nc1ccc2ncc(-c3cc4ccccc4[nH]3)n2n1,321.38,340
CHEMBL4063254,COc1ccc2ncc(-c3ccc(C(F)(F)F)cc3)n2n1,293.25,2800
CHEMBL4063617,C[C@@H](c1ccc(F)cc1)n1nnc2cnc3ccc(-c4cnn(C)c4)cc3c21,372.41,3356
CHEMBL4064316,CC(C)n1cc(-c2ccncc2)c2ccncc21,237.31,8
CHEMBL4064426,Cc1cc(-c2ccc3ncc4nnn([C@@H](C)c5ccc(Cl)cc5)c4c3c2)ccn1,399.89,1756
CHEMBL4064988,Clc1cccc(-c2cnc3ccc(N4CCC(N5CCCCC5)CC4)nn23)c1,395.94,2800
CHEMBL4065167,CCS(=O)(=O)c1ccc(OC)c(Nc2ncc(/C=C/c3ccccc3)o2)c1,384.46,7000
CHEMBL4065388,Nc1nccc(-c2c[nH]c3cc(Cl)ccc23)n1,244.69,406
CHEMBL4065432,CC[C@@H](CO)Nc1ccc2ncc(-c3cccc(/C=N/O)c3)n2n1,325.37,110
CHEMBL4065701,Oc1ccc(-c2c[nH]c3ncc(-c4ccc5[nH]ccc5c4)cc23)cc1,325.37,204
CHEMBL4066075,N#Cc1cccc2c(-c3ccnc(N)c3)c[nH]c12,234.26,790
CHEMBL4066450,COc1ccc2c(c1)[nH]c1c(CO)nccc12,228.25,80.4
CHEMBL4066607,c1ccc2c(-c3c[nH]c4cnccc34)ccnc2c1,245.29,277
CHEMBL4066664,FC(F)(F)CNc1nc(Nc2ccc3cn[nH]c3c2)nc2ccoc12,348.29,4860
CHEMBL4067143,Cc1cc(-c2ccc3ncc4nnn([C@H](C)c5ccccc5)c4c3c2)ccn1,365.44,245
CHEMBL4067420,COc1ccc2ncc(-c3ccnc(SC)n3)n2n1,273.32,930
CHEMBL4067477,CC[C@@H](CO)Nc1ccc2ncc(-c3cc(Cl)ccc3N)n2n1,331.81,11000
CHEMBL4067661,NC(=O)Nc1ccc(-c2cnc3[nH]cc(-c4ccc(O)cc4)c3c2)cc1,344.37,31
CHEMBL4068096,COc1cccc2c(-c3ccnc(N)c3)c[nH]c12,239.28,2142
CHEMBL4069088,Nc1cc(-c2c[nH]c3cc(Cl)ccc23)ccn1,243.7,2939
CHEMBL4069124,Cc1cc(-c2ccc3ncc4nnn(C(C)C)c4c3c2)ccn1,303.37,404
CHEMBL4069158,CSc1ccc2ncc(-c3cccc(C(F)(F)F)c3)n2n1,309.32,1000
CHEMBL4069163,Fc1ccc(Cn2cc(-c3ccncc3)c3ccncc32)cc1,303.34,12
CHEMBL4070065,FC(F)(F)c1cccc(-c2cnc3ccc(Cl)nn23)c1,297.67,7800
CHEMBL4070189,CC[C@@H](CO)Nc1ccc2ncc(-c3cccc(S(C)(=O)=O)c3)n2n1,360.44,93
CHEMBL4070227,CC[C@@H](CO)/N=C/c1cccc(-c2cnc3ccc(N[C@@H](CC)CO)nn23)c1,381.48,120
CHEMBL4071013,OCCN1CCN(c2ccc3ncc(-c4cccc(Cl)c4)n3n2)CC1,357.85,510
CHEMBL4071234,CC[C@@H](CO)Nc1ccc2ncc(-c3ccnc([S+](C)[O-])n3)n2n1,346.42,4400
CHEMBL4071322,CCOC(=O)c1cccc(-c2cnc3ccc(N[C@@H](CC)CO)nn23)c1,354.41,57
CHEMBL4071413,CC[C@@H](CO)NC(=O)c1cccc(-c2cnc3ccc(N[C@@H](CC)CO)nn23)c1,397.48,1400
CHEMBL4072138,N#Cc1cccc2c(-c3ccnc(N)n3)c[nH]c12,235.25,138
CHEMBL4072506,COc1ccc2ncc(-c3cccc(/C=N/O)c3)n2n1,268.28,33
CHEMBL4072795,C[C@@H](c1ccc(F)cc1)n1nnc2cnc3ccc(-c4ccc5c(c4)OCO5)cc3c21,412.42,257
CHEMBL4073997,Nc1nccc(-c2c[nH]c3c(Cl)cccc23)n1,244.69,46
CHEMBL4074132,CC(C)[C@@H](CO)Nc1ccc2ncc(-c3cccnc3)n2n1,297.36,390
CHEMBL4074499,CC(=O)Nc1cccc(Nc2ccc3ncc(-c4cccc(Cl)c4)n3n2)c1,377.84,110
CHEMBL4074685,Nc1cc(-c2c[nH]c3cnccc23)ccn1,210.24,2024
CHEMBL4075509,CCOC(=O)Nc1ccc2ncc(-c3cccc(Cl)c3)n2n1,316.75,420
CHEMBL4075648,Clc1cnccc1-c1c[nH]c2cnccc12,229.67,61
CHEMBL4075820,CC[C@H](CO)NC(=O)c1cccc(-c2cnc3ccc(Cl)nn23)c1,344.8,9000
CHEMBL4075959,O=[N+]([O-])c1ccc(-c2cnc3[nH]cc(-c4ccc(O)cc4)c3c2)cc1,331.33,212
CHEMBL4076448,O=Cc1cccc(-c2cnc3ccc(Cl)nn23)c1,257.68,650
CHEMBL4076663,CC[C@H](CO)NC(=O)c1cccc(-c2cnc3ccc(N[C@H](CC)CO)nn23)c1,397.48,2200
CHEMBL4076906,Clc1ccc2ncc(-c3cccnc3)n2n1,230.66,13000
CHEMBL4077010,Cn1cc(-c2ccncc2)c2ccncc21,209.25,89
CHEMBL4077125,COc1ccc2ncc(-c3ccnc(N)n3)n2n1,242.24,1500
CHEMBL4077159,O/N=C/c1cccc(-c2cnc3ccc(Cl)nn23)c1,272.7,78
CHEMBL4078550,CC(=O)Nc1ccc(-c2cnc3[nH]cc(-c4ccc(O)cc4)c3c2)cc1,343.39,6.6
CHEMBL4078755,CCS(=O)(=O)c1ccc(OC)c(Nc2ncc(-c3cc4ccccc4s3)o2)c1,414.51,500
CHEMBL4079343,CC[C@@H](CO)NC(=O)c1cccc(-c2cnc3ccc(N[C@H](CC)CO)nn23)c1,397.48,2100
CHEMBL4079347,COc1ccc2ncc(-c3ccc4[nH]ccc4c3)n2n1,264.29,470
CHEMBL4079572,Nc1nccc(-c2c[nH]c3cnccc23)n1,211.23,1
CHEMBL4079878,Cc1cc(-c2ccc3ncc4nnn(C)c4c3c2)ccn1,275.31,420
CHEMBL4080488,Cc1cc(-c2c[nH]c3cnccc23)ccn1,209.25,75
CHEMBL4080994,O=C(Nc1ccc(O)cc1)c1cnc2[nH]cc(-c3ccc(O)cc3)c2c1,345.36,344
CHEMBL4081470,C[C@@H](c1ccc(F)cc1)n1nnc2cnc3ccc(-c4ccncc4)cc3c21,369.4,1139
CHEMBL4081668,O=Cc1cccc(-c2cnc3ccc(F)nn23)c1,241.22,3100
CHEMBL4082113,COc1ccc2sc(C(=O)N(C)Cc3cccc(F)c3)cc2c1,329.4,340
CHEMBL4082710,C[C@@H](c1ccc(F)cc1)n1nnc2cnc3ccc(N4CCOCC4)cc3c21,377.42,3360
CHEMBL4082981,CC[C@@H](CO)Nc1ccc2ncc(-c3cc4cc(Br)ccc4[nH]3)n2n1,400.28,710
CHEMBL4083249,C[C@@H](c1ccc(F)cc1)n1nnc2cnc3ccc(-c4ccc5ocnc5c4)cc3c21,409.42,138
CHEMBL4084364,CC[C@@H](CO)Nc1ccc2ncc(-c3ccnc(N)n3)n2n1,299.34,3200
CHEMBL4084605,Oc1ccc(-c2cnc3[nH]cc(-c4ccc5[nH]ccc5c4)c3c2)cc1,325.37,169
CHEMBL4084919,CC[C@H](CO)/N=C/c1cccc(-c2cnc3ccc(N[C@H](CC)CO)nn23)c1,381.48,50
CHEMBL4084955,c1cc(-c2c[nH]c3cnccc23)ccn1,195.22,1
CHEMBL4085467,FC(F)(F)c1ccc(-c2cnc3ccc(Cl)nn23)cc1,297.67,7300
CHEMBL4085557,COc1ccc2sc(C(=O)N(C)Cc3ccccc3)cc2c1,311.41,520
CHEMBL4086402,CC[C@@H](CO)Nc1ccc2ncc(-c3cccc(C(F)(F)F)c3)n2n1,350.34,220
CHEMBL4086818,Nc1cc(-c2c[nH]c3c(Cl)cccc23)ccn1,243.7,94
CHEMBL4086890,Cc1ccc([C@H](C)n2nnc3cnc4ccc(-c5ccnc(C)c5)cc4c32)cc1,379.47,1337
CHEMBL4087125,Oc1ccc(-c2c[nH]c3ncc(-c4ccc(-c5nnn[nH]5)cc4)cc23)cc1,354.37,86
CHEMBL4087260,Nc1ccc(Cl)cc1-c1cnc2ccc(Cl)nn12,279.13,14000
CHEMBL4087456,Nc1nccc(-c2c[nH]c3cc(C(F)(F)F)ccc23)n1,278.24,62
CHEMBL4088668,Cc1cc(-c2ccc3ncc4nnn([C@H](C)c5ccc(F)cc5)c4c3c2)ccn1,383.43,194
CHEMBL4088717,CC[C@@H](CO)Nc1ccc2ncc(-c3cccc(N)c3)n2n1,297.36,2500
CHEMBL4088888,CS(=O)(=O)Nc1ccc(-c2cnc3[nH]cc(-c4ccc(O)cc4)c3c2)cc1,379.44,56
CHEMBL4089159,COC(=O)C1=C(Nc2ccccc2Cl)O/C(=C\c2c[nH]c3ncccc23)C1=O,395.8,53
CHEMBL4089542,Nc1cccc(-c2cnc3ccc(Cl)nn23)c1,244.69,9400
CHEMBL4089652,CC[C@@H](CO)Nc1ccc2ncc(-c3cccc(SC)c3)n2n1,328.44,120
CHEMBL408982,CCN1/C(=C/C(C)=O)Sc2ccc(OC)cc21,249.34,617.17
CHEMBL4090007,CCOC(=O)c1c(/C(C#N)=C/N)c2ccc(Cl)c(Cl)c2n1C,338.19,55.2
CHEMBL4090223,CSc1ccc2ncc(-c3ccc4[nH]ccc4c3)n2n1,280.36,580
CHEMBL4090770,CC[C@@H](CO)Nc1ccc2ncc(-c3ccc4[nH]ccc4c3)n2n1,321.38,350
CHEMBL4090889,COc1cccc2c(-c3ccnc(N)n3)c[nH]c12,240.27,242
CHEMBL4091320,COCCn1cc(-c2ccncc2)c2ccncc21,253.31,141
CHEMBL4091942,Clc1ccc2ncc(-c3ccc4[nH]ccc4c3)n2n1,268.71,2400
CHEMBL4092047,CC[C@@H](CO)Nc1ccc2ncc(-c3ccnc(SC)n3)n2n1,330.42,1700
CHEMBL4092117,CC[C@@H](CO)Nc1ccc2ncc(-c3cccc(C(=O)O)c3)n2n1,326.36,1600
CHEMBL4092673,CC[C@@H](CO)N(C(C)=O)c1ccc2ncc(-c3cccc(NC(C)=O)c3)n2n1,381.44,190
CHEMBL4092984,COc1cc(-c2ccc3ncc4nnn([C@@H](C)c5ccc(F)cc5)c4c3c2)ccn1,399.43,2872
CHEMBL4093104,CC[C@@H](CO)Nc1ccc2ncc(-c3cccc(C=O)c3)n2n1,310.36,79
CHEMBL4093231,CC[C@@H](CO)NC(=O)c1cccc(-c2cnc3ccc(Cl)nn23)c1,344.8,2100
CHEMBL4093503,C[C@@H](c1ccc(F)cc1)n1nnc2cnc3ccc(-c4ccc5occc5c4)cc3c21,408.44,1318
CHEMBL409450,O=C1Nc2cc(Br)ccc2/C1=C1/Nc2ccccc2/C1=N\O,356.18,52
CHEMBL4094549,Nc1cc(-c2c[nH]c3c([N+](=O)[O-])cccc23)ccn1,254.25,285
CHEMBL4094600,Cc1cc(-c2ccc3ncc4nnn([C@@H](C)c5ccccc5)c4c3c2)ccn1,365.44,177
CHEMBL4095156,COc1cc(-c2c[nH]c3cnccc23)ccn1,225.25,351
CHEMBL4095479,COc1ccc2c(-c3ccnc(N)n3)c[nH]c2c1,240.27,443
CHEMBL4095674,c1cc(-c2cn(CCCN3CCOCC3)c3cnccc23)ccn1,322.41,109
CHEMBL4096379,Cc1cc(-c2ccc3ncc4nnn(Cc5ccc(F)cc5)c4c3c2)ccn1,369.4,107
CHEMBL4096575,Nc1ccc(-c2cnc3[nH]cc(-c4ccc(O)cc4)c3c2)cc1,301.35,377
CHEMBL4097256,FC(F)(F)c1cccc(/C=C/c2cnc3ccc(Cl)nn23)c1,323.7,8900
CHEMBL4097368,CC[C@@H](CO)Nc1ccc2ncc(-c3ccsc3)n2n1,288.38,470
CHEMBL4098107,COc1ccc2ncc(-c3cccc(C(F)(F)F)c3)n2n1,293.25,1300
CHEMBL4098237,CC[C@@H](CO)Nc1ccc2ncc(-c3cccc(C(=O)N[C@H](CC)CO)c3)n2n1,397.48,7900
CHEMBL4098364,COc1ccc2c(-c3ccnc(N)c3)c[nH]c2c1,239.28,2904
CHEMBL4098505,Fc1cc(-c2c[nH]c3cnccc23)ccn1,213.22,69
CHEMBL4099677,Fc1ccc2ncc(-c3cccc(C(F)(F)F)c3)n2n1,281.21,4200
CHEMBL4100956,CC[C@@H](CO)Nc1ccc2ncc(-c3cccnc3)n2n1,283.34,870
CHEMBL4101902,Cn1nc(-c2cnc(N)c(-c3ccc(C(N)=O)c(F)c3)n2)nc1C1(c2ccccc2)CC1,429.46,140
CHEMBL4102553,Oc1ccc(-c2cnc3[nH]cc(-c4ccc(-c5nnn[nH]5)cc4)c3c2)cc1,354.37,280
CHEMBL4102871,CC(=O)Nc1cccc(Nc2ccc3ncc(-c4cccc(NC(C)=O)c4)n3n2)c1,400.44,63
CHEMBL4102903,c1cncc(-c2c[nH]c3cnccc23)c1,195.22,7957
CHEMBL4103030,CCS(=O)(=O)c1ccc(OC)c(Nc2ncc(-c3ccc4cc(OC)ccc4c3)o2)c1,438.51,1000
CHEMBL4103831,Nc1cc(-c2c[nH]c3cc(C(F)(F)F)ccc23)ccn1,277.25,4335
CHEMBL4104122,CCn1nnc2cnc3ccc(-c4ccnc(C)c4)cc3c21,289.34,283
CHEMBL4104296,CC[C@@H](CO)Nc1ccc2ncc(-c3ccc(C(F)(F)F)cc3)n2n1,350.34,1100
CHEMBL4104765,Cc1ccc([C@@H](C)n2nnc3cnc4ccc(-c5ccnc(C)c5)cc4c32)cc1,379.47,141
CHEMBL4105084,CC[C@@H](CO)Nc1ccc2ncc(-c3cccc(Cl)c3)n2n1,316.79,75
CHEMBL4105239,O=C(Nc1cccc(O)c1)c1cnc2[nH]cc(-c3ccc(O)cc3)c2c1,345.36,127
CHEMBL4105629,c1cc(-c2cn(CCC3CC3)c3cnccc23)ccn1,263.34,8
CHEMBL4159193,COc1ccc2c(c1)[nH]c1c(C)nc(C)cc12,226.28,971
CHEMBL4159941,COc1ccc2c(c1)[nH]c1c(Cl)nccc12,232.67,8.8
CHEMBL4164359,COc1ccc2c(c1)[nH]c1c(N3CCC3)nccc12,253.3,159
CHEMBL4164814,NS(=O)(=O)c1ccc(-c2cnc3[nH]cc(-c4cccnc4)c3c2)cc1,350.4,216
CHEMBL4164848,COc1ccc2c(c1)[nH]c1c(N3CCCCC3)nccc12,281.36,1500
CHEMBL4168671,C=CC(=O)Nc1ccc(C(=O)c2sc(Nc3ccc(N4CCN(C)CC4)cc3OC)nc2N)cc1,492.61,1200
CHEMBL4171089,COc1cc(N2CCN(C)CC2)ccc1Nc1nc(N)c(C(=O)c2ccccc2)s1,423.54,800
CHEMBL4171209,O=C(NCCN1CCOCC1)Nc1cccc(-c2ccc3nc(NC(=O)C4CC4)sc3n2)c1,466.57,3500
CHEMBL4172756,COc1ccc2c(c1)[nH]c1c(N3CCCC3c3ccccc3)nccc12,343.43,123
CHEMBL4173266,COc1ccc2c(c1)[nH]c1c(C)nc(CO)cc12,242.28,49.5
CHEMBL4174335,COc1ccc2c(c1)[nH]c1c(C(C)O)nccc12,242.28,858
CHEMBL4175006,COc1ccc2c(c1)[nH]c1c(N3CCCC3)nccc12,267.33,264
CHEMBL4176129,COc1ccc2c(c1)[nH]c1c(N3CCCC3Cc3ccccc3)nccc12,357.46,221
CHEMBL4277134,O=C(Nc1ccc(C(=O)NCc2ccccc2)cc1)Nc1nc2ccc(O)cc2s1,418.48,63
CHEMBL4277878,COc1cc2cc(C(=O)Nc3cc(C(=O)NC(CN)c4ccccc4)ccc3C)c(=O)[nH]c2cc1OC,500.56,59
CHEMBL4278353,O=C(Nc1cncc(-c2cc(-c3cn[nH]c3)cs2)c1)C1CC1,310.38,18
CHEMBL4280981,c1cncc(-c2csc(-c3cccnc3)c2)c1,238.31,300
CHEMBL4281037,Nc1cncc(-c2cc(-c3cccnc3)cs2)c1,253.33,101
CHEMBL4281810,CCn1cc(-c2csc(-c3cncc(NC(=O)C4CC4)c3)c2)cn1,338.44,29.7
CHEMBL4282315,COc1cc2[nH]c(=O)c(C(=O)Nc3cc(C(=O)NC(CCN)c4ccsc4)ccc3Cl)cc2cn1.Cl,548.45,4.6
CHEMBL4282366,O=C(Cc1ccccc1)Nc1cncc(-c2cc(-c3cccnc3)cs2)c1,371.47,14.9
CHEMBL4283240,COc1ccc2c3ccnc(Cl)c3n(CC#N)c2c1,271.71,181
CHEMBL4283474,O=C(Nc1cncc(-c2cc(-c3cccnc3)cs2)c1)c1c(F)cc(F)cc1F,411.41,23.5
CHEMBL4283503,O=C(Nc1cncc(-c2cc(-c3cccnc3)cs2)c1)C1CC1,321.41,23.1
CHEMBL4283751,N=C1NC(=O)/C(=C/c2ccc3c(c2)CCO3)S1,246.29,7.9
CHEMBL4283765,O=C1NC(Nc2ccccc2)=N/C1=C/c1ccc2c(c1)OCO2,307.31,32
CHEMBL4283894,O=C(Nc1cccc(O)c1)Nc1nc2ccc(O)cc2s1,301.33,134
CHEMBL4284209,CC(C)c1cnn2c(NCc3ccc(-c4ccccn4)cc3)nc(N[C@H]3CC[C@H](N)CC3)nc12,456.6,120
CHEMBL4284240,COc1ccc2c(c1)CC(n1c(C)nc3ccc(-c4cc(N)nc(N)c4)nc31)C2,386.46,4
CHEMBL4284572,Cl.NCC(Nc1nccc(-c2n[nH]c3nc(NCCN4CCOCC4)ncc23)n1)c1ccccc1,497.01,5.9
CHEMBL4285513,O=C(Nc1ccccc1)Nc1nc2ccc(O)cc2s1,285.33,163
CHEMBL4285559,Nc1ccc(-c2cc(-c3cccnc3)cs2)cn1,253.33,614.3
CHEMBL4285678,C[C@]12O[C@H]([C@H](O)[C@H](O)[C@H]1O)n1c3ccccc3c3c4c(c5c6ccccc6n2c5c31)C(=O)NC4=O,469.45,4
CHEMBL4285776,Cc1cc(=O)oc2cc3cc(O)ccc3cc12,226.23,600
CHEMBL4286467,COc1cc2[nH]c(=O)c(C(=O)Nc3cc(C(=O)NCc4cccc(Cl)c4)ccc3C)cc2cc1CCCN1CCOCC1,603.12,6
CHEMBL4286803,O=C(Nc1cncc(-c2cc(-c3cccnc3)cs2)c1)c1ccc(F)cc1,375.43,183.2
CHEMBL4286821,O=C(Nc1cncc(-c2cc(-c3cccnc3)cs2)c1)c1ccncc1,358.43,107
CHEMBL4287083,CCCn1cc(-c2csc(-c3cncc(NC(=O)C4CC4)c3)c2)cn1,352.46,76
CHEMBL4287375,CN1CCN(C(=O)c2ccc(NC(=O)Nc3nc4ccc(O)cc4s3)cc2)CC1,411.49,95
CHEMBL4287985,c1cncc(-c2cc(-c3cncs3)cs2)c1,244.34,43
CHEMBL4288045,COCCc1cc2cc(C(=O)Nc3cc(C(=O)N[C@H](CCN)c4ccccc4)ccc3Cl)c(=O)[nH]c2cc1OC,563.05,5
CHEMBL4288096,COc1ccc(/C=C2\SC(=S)NC2=O)cc1C#C[Si](C)(C)C,347.54,110
CHEMBL4290223,O=C(Nc1cncc(-c2cc(-c3cccnc3)cs2)c1)c1ccccc1F,375.43,106.7
CHEMBL4290247,O=C(Cc1ccc(F)cc1)Nc1cncc(-c2cc(-c3cccnc3)cs2)c1,389.46,30.48
CHEMBL4290268,Cn1cc(-c2csc(-c3cccnc3)c2)cn1,241.32,130
CHEMBL4291029,COc1ccc2c3ccnc(C)c3n(CC#N)c2c1,251.29,81
CHEMBL4291088,CN1C(=O)/C(=C\c2ccc3c(c2)OCO3)N=C1N,245.24,420000
CHEMBL4291297,O=C(Nc1cncc(-c2cc(-c3cccnc3)cs2)c1)c1ccccc1Cl,391.88,90.5
CHEMBL4292442,Cn1cc(-c2csc(-c3cncc(NC(=O)C4CC4)c3)c2)cn1,324.41,42.6
CHEMBL4292471,Cc1ccc(C(=O)Nc2cncc(-c3cc(-c4cccnc4)cs3)c2)cc1,371.47,51.4
CHEMBL4293599,CC[C@@H](CO)Nc1cc(NCc2ccc(-c3ccccn3)cc2)c2ncn(C(C)C)c2n1,430.56,2800
CHEMBL4293650,COc1cc(-c2cc(=O)c3c(O)cc(O)c(C/C=C(\C)CCC=C(C)C)c3o2)ccc1O,436.5,620
CHEMBL4294049,COc1ccc(C(=O)Nc2cncc(-c3cc(-c4cccnc4)cs3)c2)c(F)c1,405.45,37.3
CHEMBL4294080,O=C(Nc1cncc(-c2cc(-c3cccnc3)cs2)c1)C1CCC1,335.43,57.8
CHEMBL4294976,CCOc1ccccc1CNc1nc(C)nc2[nH]cc(-c3ccnc(N)c3)c12,374.45,2.1
CHEMBL4295177,O=C(Nc1cncc(-c2cc(-c3cccnc3)cs2)c1)c1ccc(F)cc1F,393.42,49
CHEMBL4437998,COC(=O)CCCCn1c2cc(OC)ccc2c2ccnc(C)c21,326.4,97
CHEMBL4438785,COc1ccc2c3ccnc(C)c3n(CCCCN(C)C(C)=O)c2c1,339.44,215
CHEMBL4439133,Cc1n[nH]cc1-c1cc2nc([C@@H]3CCCCN3)[nH]c(=O)c2s1.Cl.Cl,388.32,59
CHEMBL4440790,COc1ccc2c3ccnc(C)c3n(CCCNC(=O)OC(C)(C)C)c2c1,369.47,39
CHEMBL4441878,Cc1nc2ccc(-c3cc(N)nc(N)c3)nc2n1C(C)C,282.35,7.5
CHEMBL4442374,COC(=O)C(C)CCn1c2cc(OC)ccc2c2ccnc(C)c21,326.4,19
CHEMBL4456985,COC(=O)CCCn1c2cc(OC)ccc2c2ccnc(C)c21,312.37,27
CHEMBL4460561,Cc1nc2ccc(-c3cc(N)nc(N)c3)nc2n1C1CC1,280.34,9
CHEMBL4474836,COc1ccc2c3ccnc(C)c3n(CCCC(N)=O)c2c1,297.36,25
CHEMBL4476003,COc1ccc2c3ccnc(C)c3n(CCCCNC(C)=O)c2c1,325.41,168
CHEMBL4483653,COc1ccc2c3ccnc(C)c3n(CCCCCC(N)=O)c2c1,325.41,168
CHEMBL4513287,COC(=O)CCCCCn1c2cc(OC)ccc2c2ccnc(C)c21,340.42,112
CHEMBL4514653,COC(=O)CCn1c2cc(OC)ccc2c2ccnc(C)c21,298.34,56
CHEMBL4521356,COC(=O)Cn1c2cc(OC)ccc2c2ccnc(C)c21,284.31,64
CHEMBL452220,CC1(C)C=Cc2c(cc(O)c3c(=O)c4cccc(O)c4[nH]c23)O1,309.32,2200
CHEMBL4528315,COc1ccc2c3ccnc(C)c3n(CCC(=O)O)c2c1.Cl,320.78,1020
CHEMBL4530280,N#Cc1c(-c2ccccc2)[nH]c2c(I)cccc12,344.16,10
CHEMBL4539999,COc1ccc2c3ccnc(C)c3n(CCCC(=O)O)c2c1.Cl,334.8,950
CHEMBL4542402,N#Cc1c[nH]c2c(Cl)cccc12,176.61,3300
CHEMBL4550702,Cn1cc(-c2cnc3c(-c4csc(C(=O)NCC(F)(F)F)c4)cnn3c2)cn1,406.39,11
CHEMBL4550946,COC(=O)C(C)(C)CCn1c2cc(OC)ccc2c2ccnc(C)c21,340.42,13
CHEMBL4552025,COc1ccc2c3ccnc(C)c3n(CCCN(C)C(C)=O)c2c1,325.41,98
CHEMBL4552628,Cc1sc(C(=O)N[C@@H]2[C@H](N)CCCC2(F)F)cc1-c1cnn2cc(Cl)cnc12,425.89,130
CHEMBL4563765,COc1ccc2c3ccnc(C)c3n(CCCCC(N)=O)c2c1,311.39,83.5
CHEMBL4564337,COc1cc2c(-c3cnc(-c4ccc[nH]4)o3)c[nH]c2cc1Br,358.2,2300
CHEMBL4564623,COc1ccc2c3ccnc(C)c3n(CCC(N)=O)c2c1,283.33,139
CHEMBL4568087,Cn1cc(-c2cnc3c(-c4csc(C(=O)N[C@@H]5CCCC[C@@H]5N)c4)cnn3c2)cn1,421.53,3.2
CHEMBL4575812,COc1ccc2c3ccnc(C)c3n(CCC(C)C(N)=O)c2c1,311.39,13.9
CHEMBL4575900,Cc1nc2ccc(-c3cc(N)nc(N)c3)nc2n1C[C@@H](C)Oc1ccccc1,374.45,10
CHEMBL4579529,COc1ccc2c3ccnc(C)c3n(CCCNC(C)=O)c2c1,311.38,74
CHEMBL4634969,CC(C)Cn1cc(-c2ccncc2)c2ccncc21,251.33,43
CHEMBL4636064,CCN1CCN(C(=O)Nc2cc(-c3cn(C4CCOCC4)c4cnccc34)ccn2)CC1,434.54,6.2
CHEMBL4636572,COc1cccc(N(C)c2nccc(-c3cnn4ncccc34)n2)c1,332.37,97
CHEMBL4637319,Cc1cccc(N(C)c2nccc(-c3cnn4ncccc34)n2)c1,316.37,76
CHEMBL4638292,Nc1ncc(-c2ccccc2)nc1C(=O)Nc1cnccc1N1CCC(C(=O)O)CC1,418.46,100
CHEMBL4638460,c1ccc(Cn2cc(-c3ccncc3)c3ccncc32)cc1,285.35,106
CHEMBL4640031,C[C@H]1CN(C(=O)Nc2cc(-c3cn([C@H]4CC[C@@](C)(O)CC4)c4cnccc34)ccn2)C[C@@H](C)O1,463.58,3
CHEMBL4640465,Nc1cc(-c2cn(-c3ccccc3)c3cnccc23)ccn1,286.34,16.7
CHEMBL4640598,c1cc(-c2cn(C3CCOCC3)c3cnccc23)ccn1,279.34,352
CHEMBL4641631,O=C(Nc1cc(-c2cn(C3CCOCC3)c3cnccc23)ccn1)NC1CC1,377.45,17.1
CHEMBL4641672,O=C(Nc1cc(-c2cn(C3CCOCC3)c3cnccc23)ccn1)N1CCOCC1,407.47,24.5
CHEMBL4641839,C[C@H]1CN(C(=O)Nc2cc(-c3cn(C4CCOCC4)c4cnccc34)ccn2)C[C@@H](C)O1,435.53,43.3
CHEMBL4643515,COc1ccccc1Nc1nccc(-c2cnn3ncccc23)n1,318.34,137
CHEMBL4644898,CC1(Cn2cc(-c3ccncc3)c3ccncc32)COC1,279.34,315
CHEMBL4645474,O=C(Nc1cc(-c2cn(-c3ccccc3)c3cnccc23)ccn1)NC1CC1,369.43,15
CHEMBL4646866,Cc1cccc(Nc2nccc(-c3cnn4ncccc34)n2)c1,302.34,7
CHEMBL4647659,CC(C)Oc1ccc(F)c(-c2cnc(N)c(C(=O)Nc3cnccc3N3CCC[C@@H](C(=O)O)C3)n2)c1,494.53,6
CHEMBL4648047,O=C(Nc1cc(-c2cn(-c3ccccc3)c3cnccc23)ccn1)C1CC1,354.41,301
CHEMBL4648742,c1ccc(-n2cc(-c3ccncc3)c3ccncc32)cc1,271.32,13
CHEMBL4648945,c1cc(-c2cn(CC3CC3)c3cnccc23)ccn1,249.32,109
CHEMBL4649473,CC1(C)CN(C(=O)Nc2cc(-c3cn(C4CCOCC4)c4cnccc34)ccn2)C1,405.5,11.6
CHEMBL469346,O=C1NN(c2ccc(Cl)c(Cl)c2)C(=O)/C1=C/c1ccccc1Cl,367.62,20000
CHEMBL469770,COc1ccc(/C=C2\C(=O)NN(c3ccc(F)cc3)C2=O)cc1O,328.3,30000
CHEMBL469776,O=C1NN(c2ccc(Cl)c(Cl)c2)C(=O)/C1=C/c1ccc(Cl)cc1,367.62,20000
CHEMBL470631,O=C1NN(c2ccc(Cl)c(Cl)c2)C(=O)/C1=C/c1ccc(F)c(F)c1,369.15,5000
CHEMBL470851,COc1ccccc1/C=C1\C(=O)NN(c2ccc(C#N)cc2)C1=O,319.32,40000
CHEMBL472491,COc1cc(/C=C2\C(=O)NN(c3ccc(F)cc3)C2=O)ccc1O,328.3,2500
CHEMBL48082,Nc1nccc(-c2c[nH]c3ccccc23)n1,210.24,588
CHEMBL485053,CN1C(=O)/C(=C/c2ccc3c(c2)OCO3)N=C1N,245.24,775
CHEMBL485533,COc1ccc(N2NC(=O)/C(=C\c3ccc(O)c(OC)c3)C2=O)cc1,340.34,1200
CHEMBL495696,N#Cc1cccc(Nc2nccc(-c3cnn4ncccc34)n2)c1,313.32,5
CHEMBL498718,COc1cc(/C=C2\C(=O)NN(c3ccc(C#N)cc3)C2=O)ccc1O,335.32,600
CHEMBL511636,O=C1NN(c2ccc(Cl)c(Cl)c2)C(=O)/C1=C/c1ccc(O)c([N+](=O)[O-])c1,394.17,600
CHEMBL511962,O=C1NN(c2ccc(Cl)c(Cl)c2)C(=O)/C1=C/c1ccc(O)cc1,349.17,2500
CHEMBL512149,O=C1NN(c2ccc(Cl)c(Cl)c2)C(=O)/C1=C/c1cccc(Cl)c1Cl,402.06,15000
CHEMBL512658,COc1cc(/C=C2\C(=O)NN(c3ccc(Cl)c(Cl)c3)C2=O)cc(OC)c1,393.23,20000
CHEMBL564921,N#Cc1c(N)nc2[nH]nc(N)c2c1-c1ccccc1,250.26,11000
CHEMBL565654,COc1cccc(-c2ccc3ncnc(NCc4cccs4)c3c2)c1,347.44,5697
CHEMBL566062,c1coc(-c2ccc3ncnc(NCc4cccs4)c3c2)c1,307.38,3480
CHEMBL566687,c1csc(CNc2ncnc3ccc(-c4ccc5c(c4)OCCO5)cc23)c1,375.45,180
CHEMBL566900,c1nc(NCc2ccoc2)c2cc(-c3ccc4c(c3)OCO4)ccc2n1,345.36,126
CHEMBL567331,c1csc(CNc2ncnc3ccc(-c4ccc5c(c4)OCO5)cc23)c1,361.43,44.5
CHEMBL568150,O=C1NC(=O)/C(=C/c2ccc3nccnc3c2)S1,257.27,815
CHEMBL590109,NCCn1cc(-c2cc(-c3cc4ccccc4s3)c3[nH]ncc3c2)c2nc(N)ncc21,425.52,440
CHEMBL86771,Nc1ccc(N)c2c1C(=O)c1ccccc1C2=O,238.25,3600
CHEMBL92361,O=C(O)Cc1c2ccccc2n2c1[nH]c(=O)c1ccccc12,292.29,8000
CHEMBL99203,Nc1ncnc2c1c(I)cn2[C@@H]1O[C@H](CO)[C@@H](O)[C@H]1O,392.15,71
CHEMBL379929,CC(C)c1nnc2ccc(-c3ocnc3-c3ccccc3)cn12,304.35,100000000
CHEMBL3338887,COc1ccc2[nH]c3c(=O)[nH]nc(-c4ccc(C(F)(F)F)cc4)c3c2c1,359.31,100000000
CHEMBL552957,N#Cc1c(Cl)nc2[nH]nc(N)c2c1-c1ccccc1,269.69,100000000
CHEMBL559608,CC(=O)Nc1nc2nn(-c3ccccc3)c(NC(C)=O)c2cc1C#N,334.34,100000000
CHEMBL562396,Cn1nc(N)c2cc(C#N)c(N)nc21,188.19,100000000
CHEMBL3609565,O=C(Nc1ccccn1)Nc1cccc2c1C1CC3(CCN1C2=O)SCCS3,412.54,100000000
CHEMBL3609746,O=C(Nc1ccc(Br)cn1)Nc1cccc2c1C1CC3(CCN1C2=O)SCCS3,491.44,100000000
CHEMBL1242973,COC(=O)[C@@]1(Cc2ccc(O)c(CC=C(C)C)c2)OC(=O)C(O)=C1c1ccc(O)cc1,424.45,100000000
CHEMBL3092861,NCCOCCOCCO,149.19,100000000
CHEMBL3609659,Cc1cccc(NC(=O)Nc2cccc3c2C2CC4(CCN2C3=O)SCCS4)n1,426.57,100000000
CHEMBL3609667,COc1cc(NC(=O)Nc2cccc3c2[C@@H]2C[C@H](O)CCN2C3=O)nc2ccccc12,418.45,100000000
CHEMBL3609669,CO[C@@H]1CCN2C(=O)c3cccc(NC(=O)Nc4ncccc4C)c3[C@@H]2C1,366.42,100000000
CHEMBL3338889,COc1ccc(Nc2cc(C)n[nH]c2=O)cc1,231.25,100000000
CHEMBL3094443,COC(=O)c1ccc(Cl)c(C(=O)Nc2cc3cnc(OC)nc3[nH]c2=O)c1,388.77,100000000
CHEMBL2180859,O=C(Nc1cccc(N2CCCCC2)n1)Nc1cccc2c1C1CCCCN1C2=O,405.5,100000000
CHEMBL2314463,CC[C@H](CO)Nc1nc(Nc2ncccn2)c2ncn(C(C)C)c2n1,342.41,100000000
CHEMBL2314460,CC(C)[C@H](CO)Nc1nc(Nc2ncccn2)c2ncn(C(C)C)c2n1,356.43,100000000
CHEMBL3787292,O=C(Nc1cc(CF)ccn1)Nc1cccc2c1C1CCCCN1C2=O,354.39,100000000
CHEMBL2180853,O=C(Nc1ccc(Br)cn1)Nc1cccc2c1C1CCCCN1C2=O,401.26,100000000
CHEMBL513188,O=C1NN(c2ccc(Cl)c(Cl)c2)C(=O)/C1=C/c1ccccc1F,351.16,100000000
CHEMBL509892,O=C1NN(c2ccc(Cl)c(Cl)c2)C(=O)/C1=C/c1c(Cl)cccc1Cl,402.06,100000000
CHEMBL523580,COc1ccc(N2NC(=O)/C(=C\c3ccccc3F)C2=O)cc1,312.3,100000000
CHEMBL519700,COc1ccc(N2NC(=O)/C(=C\c3cc(OC)c(O)c(OC)c3)C2=O)cc1,370.36,100000000
CHEMBL2180849,O=C(Nc1cc2ccccc2cn1)Nc1cccc2c1C1CCCCN1C2=O,372.43,100000000
CHEMBL2180848,O=C(Nc1nc2ccccc2s1)Nc1cccc2c1C1CCCCN1C2=O,378.46,100000000
CHEMBL2180869,O=C(Nc1cc[nH]n1)Nc1cccc2c1C1CCCCN1C2=O,311.35,100000000
CHEMBL2180862,O=C(Nc1ccccn1)Nc1cccc2c1C1CCCCN1C2=O,322.37,100000000
CHEMBL2180847,O=C(Nc1cc(-c2ccccc2)on1)Nc1cccc2c1C1CCCCN1C2=O,388.43,100000000
CHEMBL2180846,Cc1cc(NC(=O)Nc2cccc3c2C2CCCCN2C3=O)no1,326.36,100000000
CHEMBL4102344,C[C@@H](c1ccc(F)cc1)n1nnc2cnc3ccc(Br)cc3c21,371.21,100000000
CHEMBL215652,CC(C)c1nnc2ccc(-c3ocnc3-c3ccc(F)cc3Cl)cn12,356.79,100000000
CHEMBL552925,N#Cc1c(N2CCOCC2)nc2[nH]nc(N)c2c1-c1ccccc1,320.36,100000000
CHEMBL549301,CC(=O)Nc1nn(C)c2nc(N)c(C#N)c(-c3ccccc3)c12,306.33,100000000
CHEMBL562397,CC(=O)Nc1nn(C)c2nc(N)c(C#N)cc12,230.23,100000000
CHEMBL2180865,O=C(Nc1ccncn1)Nc1cccc2c1C1CCCCN1C2=O,323.36,100000000
CHEMBL4086182,Cc1noc(C)c1-c1ccc2ncc3nnn([C@@H](C)c4ccc(F)cc4)c3c2c1,387.42,100000000
CHEMBL4104093,CC(=O)c1ccc(-c2ccc3ncc4nnn([C@@H](C)c5ccc(F)cc5)c4c3c2)s1,416.48,100000000
CHEMBL6246,O=c1oc2c(O)c(O)cc3c(=O)oc4c(O)c(O)cc1c4c23,302.19,100000000
CHEMBL469775,O=C1NN(c2ccc(Cl)c(Cl)c2)C(=O)/C1=C/c1ccccc1,333.17,100000000
CHEMBL469777,COc1ccc(/C=C2\C(=O)NN(c3ccc(Cl)c(Cl)c3)C2=O)cc1,363.2,100000000
CHEMBL511841,COc1cccc(/C=C2\C(=O)NN(c3ccc(Cl)c(Cl)c3)C2=O)c1,363.2,100000000
CHEMBL472499,COc1ccccc1/C=C1\C(=O)NN(c2ccc(Cl)c(Cl)c2)C1=O,363.2,100000000
CHEMBL484166,COc1ccc(N2NC(=O)/C(=C\c3cc(OC)cc(OC)c3)C2=O)cc1,354.36,100000000
CHEMBL485532,COc1ccc(N2NC(=O)/C(=C\c3ccc(OC)c(O)c3)C2=O)cc1,340.34,100000000
CHEMBL213423,CC(C)c1nnc2ccc(-c3ocnc3-c3cc(F)c(F)cc3F)cn12,358.32,100000000
CHEMBL3785596,CN1CCN(Cc2cccc(NC(=O)Nc3cccc4c3C3CCCCN3C4=O)n2)CC1,434.54,100000000
CHEMBL3893635,Nc1ccc(-c2cn3cc(Cl)ccc3n2)cc1Br,322.59,100000000
CHEMBL470817,COc1ccccc1/C=C1\C(=O)NN(c2ccc(F)cc2)C1=O,312.3,100000000
CHEMBL565286,O=C1OC(/C=C/c2ccccc2)=N/C1=C\c1cccnc1,276.3,100000000
CHEMBL553398,N#Cc1cc2c(N)n[nH]c2nc1N,174.17,100000000
CHEMBL539451,CC(=O)Nc1nc2[nH]nc(NC(C)=O)c2cc1C#N,258.24,100000000
CHEMBL469570,COc1ccc(/C=C2\C(=O)NN(c3ccc(Cl)c(Cl)c3)C2=O)c(OC)c1,393.23,100000000
CHEMBL470632,COc1cc(/C=C2\C(=O)NN(c3ccc(Cl)c(Cl)c3)C2=O)cc(OC)c1O,409.23,100000000
CHEMBL4245507,O=C(Cc1cccc(OCCCN2CCNCC2)c1)Nc1nc(-c2ccncc2)cs1,437.57,100000000
CHEMBL2180857,O=C(Nc1cccc2c1C1CCCCN1C2=O)Nc1nc(Cl)c(Cl)c(Cl)c1Cl,460.15,100000000
CHEMBL2180867,Cc1nc(NC(=O)Nc2cccc3c2C2CCCCN2C3=O)cs1,342.42,100000000
CHEMBL3902603,COc1ccc(-c2cn3cc(Cl)ccc3n2)cc1,258.71,100000000
CHEMBL3930589,Oc1ccc(-c2cn3cc(Cl)ccc3n2)cc1,244.68,100000000
CHEMBL3921647,NC(=O)c1cccc(-c2cn3cc(Cl)ccc3n2)c1,271.71,100000000
CHEMBL3884113,Nc1nc2ccccc2c2cc3cnccc3cc12,245.28,100000000
CHEMBL2234269,O=c1[nH]cnc2c(-c3ccccc3)n[nH]c12,212.21,100000000
CHEMBL4167484,COc1ccc(N)cc1-c1cnc(N)c(C(=O)c2cccnc2)n1,321.34,100000000
CHEMBL2234213,CCOc1ccc(S(=O)(=O)N2CCN(c3ccccc3)CC2)cc1-c1nc2ncccc2c(=O)[nH]1,491.57,100000000
CHEMBL2234220,CCOC(=O)c1[nH]nc(-c2ccc(Cl)cc2)c1N,265.7,100000000
CHEMBL2234219,CCOC(=O)c1[nH]nc(-c2ccc(Cl)cc2)c1/N=N/c1ccccc1,354.8,100000000
CHEMBL2234215,CCOC(=O)C(=O)/C(=N\Nc1ccccc1)C(=O)c1ccc(Cl)cc1,358.78,100000000
CHEMBL4080844,CC[C@@H](CO)Nc1ccc2ncc(/C=C/c3cccc(C(F)(F)F)c3)n2n1,376.38,100000000
CHEMBL4083948,CCOC(=O)Nc1ccc2ncc(-c3cccnc3)n2n1,283.29,100000000
CHEMBL3609673,CO[C@@H]1CCN2C(=O)c3cccc(NC(=O)Nc4ccn(C)n4)c3[C@@H]2C1,355.4,100000000
CHEMBL3884027,N#C/C(=C\c1ccccc1)c1c[nH]c2ccccc12,244.3,100000000
CHEMBL4078893,FC(F)(F)CNc1nc(Nc2ccc(N3CCOCC3)c(Cl)c2)nc2ccoc12,427.81,100000000
CHEMBL2164712,Cc1nccc2c3ccc(OCC4CCCCC4)cc3n(CC3CCCCC3)c12,390.57,100000000
CHEMBL470411,O=C1NN(c2ccc(Cl)c(Cl)c2)C(=O)/C1=C/c1cc(O)cc(O)c1,365.17,100000000
CHEMBL484334,COc1ccc(N2NC(=O)/C(=C\c3cc(O)cc(O)c3)C2=O)cc1,326.31,100000000
CHEMBL2234211,O=c1[nH]cnc2c(-c3ccc(Br)cc3)n[nH]c12,291.11,100000000
CHEMBL4059498,C[C@@H](c1ccc(F)cc1)n1nnc2cnc3ccc(-c4ccc(N5CCN(C)CC5)nc4)cc3c21,467.55,100000000
CHEMBL2314458,CC(C)n1cnc2c(Nc3ccncn3)nc(Cl)nc21,289.73,100000000
CHEMBL2314462,CC(C)n1cnc2c(Nc3ncccn3)nc(Cl)nc21,289.73,100000000
CHEMBL496675,COc1ccc(N2NC(=O)/C(=C\c3cccc(Cl)c3Cl)C2=O)cc1,363.2,100000000
CHEMBL469347,COc1ccc(/C=C2\C(=O)NN(c3ccc(Cl)c(Cl)c3)C2=O)cc1O,379.2,100000000
CHEMBL496665,COc1ccc(N2NC(=O)/C(=C\c3ccccc3OC)C2=O)cc1,324.34,100000000
CHEMBL214198,CC(C)c1nnc2ccc(-c3c[nH]nc3-c3cc(F)ccc3F)cn12,339.35,100000000
CHEMBL3609663,COc1cc(NC(=O)Nc2cccc3c2C2CC4(CCN2C3=O)OCCO4)nc2ccccc12,460.49,100000000
CHEMBL3219063,COc1ccc2[nH]c(-c3cc(O)cc(O)c3)c(-c3ccncc3)c2n1,333.35,100000000
CHEMBL552134,Cn1nc(N)c2c(-c3ccccc3)c(C#N)c(N)nc21,264.29,100000000
CHEMBL460464,COC(=O)[C@]1(Cc2ccc(O)c(CC=C(C)C)c2)OC(=O)C(OS(=O)(=O)O)=C1c1ccc(O)cc1,504.51,100000000
CHEMBL3297830,Cn1c2c(O)cccc2c(=O)c2c3c(c4c(c21)C=CC(C)(C)O4)C=C(O)C(C)(C)O3,405.45,100000000
CHEMBL3884764,COc1ccc2[nH]cc(/C(C#N)=C(\N)c3cccnc3)c2c1,290.33,100000000
CHEMBL3911609,COc1cc(OC)cc(-c2cn3cc(Cl)ccc3n2)c1,288.73,100000000
CHEMBL3936539,NC(=O)c1cc(-c2cn3cc(I)ccc3n2)ccc1O,379.16,100000000
CHEMBL213451,CCNc1nnc2ccc(-c3ocnc3-c3ccc(F)cc3)cn12,323.33,100000000
CHEMBL4072220,COc1ccc(-c2ccc3ncc4nnn([C@@H](C)c5ccc(F)cc5)c4c3c2)cc1,398.44,100000000
CHEMBL212968,CC(C)(C)c1nnc2ccc(-c3ocnc3-c3cc(F)c(F)cc3F)cn12,372.35,100000000
CHEMBL3609744,CO[C@@H]1CCN2C(=O)c3cccc(NC(=O)Nc4cc(C)ccn4)c3[C@@H]2C1,366.42,100000000
CHEMBL3092860,O=C1NC(Nc2ccccc2)=N/C1=C\c1ccccc1,263.3,100000000
CHEMBL3609665,COc1cc(NC(=O)Nc2cccc3c2[C@@H]2C[C@H](OC)CCN2C3=O)nc2ccccc12,432.48,100000000
CHEMBL3609674,Cc1cnc(NC(=O)Nc2cccc3c2C2CC4(CCN2C3=O)SCCS4)cn1,427.56,100000000
CHEMBL3787584,CCN(CC)Cc1cccc(NC(=O)Nc2cccc3c2C2CCCCN2C3=O)n1,407.52,100000000
CHEMBL3745885,Cn1c(=O)c(S(=O)(=O)c2ccc(F)cc2F)cc2cnc(Nc3ccc4[nH]ccc4c3)nc21,467.46,100000000
CHEMBL3883943,COc1cncc(/C=C(\C#N)c2c[nH]c3ccc(OC)cc23)c1,305.34,100000000
CHEMBL3883356,N#C/C(=C/c1cccnc1)c1c[nH]c2ccccc12,245.29,100000000
CHEMBL3786657,COC(=O)c1cccnc1NC(=O)Nc1cccc2c1C1CCCCN1C2=O,380.4,100000000
CHEMBL212382,CC(C)(C)c1nnc2ccc(-c3ocnc3-c3ccc(F)cc3F)cn12,354.36,100000000
CHEMBL513717,O=C1NN(c2ccc(Cl)c(Cl)c2)C(=O)/C1=C/c1ccccc1[N+](=O)[O-],378.17,100000000
CHEMBL498719,COc1ccc(/C=C2\C(=O)NN(c3ccc(C#N)cc3)C2=O)cc1O,335.32,100000000
CHEMBL3609654,O=C(Nc1cnccn1)Nc1cccc2c1C1CC3(CCN1C2=O)SCCS3,413.53,100000000
CHEMBL3219065,COc1ccc2[nH]c(-c3cccc(O)c3)c(-c3ccccn3)c2n1,317.35,100000000
CHEMBL4476426,COc1cc(Br)cc2[nH]cc(-c3cnc(-c4cc(Br)c[nH]4)o3)c12,437.09,100000000
CHEMBL4446434,COc1cc(Br)cc2[nH]cc(-c3cnc(-c4ccc[nH]4)o3)c12,358.2,100000000
CHEMBL1513850,COc1ccc(-c2ccc3ncnc(NCc4cccs4)c3c2)cc1OC,377.47,100000000
CHEMBL3884241,N#C/C(=C\c1ccccn1)c1c[nH]c2ccccc12,245.28,100000000
CHEMBL3609668,Cc1cccnc1NC(=O)Nc1cccc2c1C1CC3(CCN1C2=O)OCCO3,394.43,100000000
CHEMBL2180843,O=C(Nc1ccc(-c2ccccc2)cn1)Nc1cccc2c1C1CCCCN1C2=O,398.47,100000000
CHEMBL2180863,O=C(Nc1cnccn1)Nc1cccc2c1C1CCCCN1C2=O,323.36,100000000
CHEMBL2180861,O=C(Nc1ccccc1)Nc1cccc2c1C1CCCCN1C2=O,321.38,100000000
CHEMBL2180860,O=C(Nc1cccc2c1C1CCCCN1C2=O)NC1CCCCC1,327.43,100000000
CHEMBL465047,COC(=O)[C@]1(Cc2ccc(OS(=O)(=O)O)c(CC=C(C)C)c2)OC(=O)C(O)=C1c1ccc(O)cc1,504.51,100000000
CHEMBL3785795,COc1cc(NC(=O)Nc2cccc3c2C2CCCCN2C3=O)nc2ccccc12,402.45,100000000
CHEMBL3785575,Cc1ccc(NC(=O)Nc2cccc3c2C2CCCCN2C3=O)nc1,336.4,100000000
CHEMBL1090360,O=C(Cc1ccccc1)Nc1cccc(-c2nc3sccn3c2-c2ccnc(Nc3cccc(N4CCOCC4)c3)n2)c1,587.71,100000000
CHEMBL3939584,COc1cccc(-c2cn3cc(Cl)ccc3n2)c1,258.71,100000000
CHEMBL3883813,COc1ccc2cc(-c3ccncc3)[nH]c2n1,225.25,100000000
CHEMBL3589659,O=C(O)c1nc2ccc(I)cc2c2[nH]c3ccc(Cl)cc3c12,422.61,100000000
CHEMBL3289600,O=C(/C=C/c1cccc2c3c([nH]c12)-c1cccnc1NC(=O)C3)Nc1ccccc1,394.43,100000000
CHEMBL3787480,Cc1ccnc(NC(=O)Nc2cccc3c2C2CCCCN2C3=O)c1,336.4,100000000
CHEMBL469348,COc1ccc(/C=C2\C(=O)NN(c3ccc(Cl)c(Cl)c3)C2=O)cc1OC,393.23,100000000
CHEMBL2234268,CCOC(=O)c1[nH]nc(-c2ccc(Br)cc2)c1N,310.15,100000000
CHEMBL2234217,O=C1NN=C(c2ccc(Br)cc2)/C(=N/Nc2ccccc2)C1=O,371.19,100000000
CHEMBL4576555,CN1CCN(C(=O)C(C)(C)c2ccc(C(=O)Nc3cn4cc(-c5cc(C(C)(C)C)cc(C(C)(C)C)c5)ccc4n3)cc2)CC1,593.82,100000000
CHEMBL3786332,O=C(Nc1cccc(CO)n1)Nc1cccc2c1C1CCCCN1C2=O,352.39,100000000
CHEMBL557120,N#Cc1cc2c(N)n(-c3ccccc3)nc2nc1N,250.26,100000000
CHEMBL4555884,COc1cc(Br)cc2[nH]cc(-c3oc(-c4ccc[nH]4)nc3I)c12,484.09,100000000
CHEMBL3885482,N#Cc1cc2ccccn2c2nc3ccccc3c1-2,243.27,100000000
CHEMBL4085242,C[C@@H](c1ccc(F)cc1)n1nnc2cnc3ccc(-c4cccnc4)cc3c21,369.4,100000000
CHEMBL4069365,CC1(C)OCC(=O)Nc2cc(Nc3nc(NCC(F)(F)F)c4occc4n3)ccc21,421.38,100000000
CHEMBL562734,CC(=O)n1nc(N)c2c(-c3ccccc3)c(C#N)c(N)nc21,292.3,100000000
CHEMBL2180845,O=C(Nc1ccc(O)cn1)Nc1cccc2c1C1CCCCN1C2=O,338.37,100000000
CHEMBL2180850,O=C(Nc1ccc2cccc(O)c2n1)Nc1cccc2c1C1CCCCN1C2=O,388.43,100000000
CHEMBL2180870,Cn1ccc(NC(=O)Nc2cccc3c2C2CCCCN2C3=O)n1,325.37,100000000
CHEMBL2180864,O=C(Nc1ncccn1)Nc1cccc2c1C1CCCCN1C2=O,323.36,100000000
CHEMBL1433941,Cc1cccc(-c2ccc3ncnc(NCc4cccs4)c3c2)c1,331.44,100000000
CHEMBL3786745,O=C(Nc1cccc(CN2CCCCC2)n1)Nc1cccc2c1C1CCCCN1C2=O,419.53,100000000
CHEMBL3787061,O=C(Nc1cccc(CN2CCCC2)n1)Nc1cccc2c1C1CCCCN1C2=O,405.5,100000000
CHEMBL2295959,CC(C)n1cnc2c(Nc3cccc(-c4ncccn4)c3)nc(Cl)nc21,365.83,100000000
CHEMBL3589655,O=C(O)c1nc2ccccc2c2[nH]c3ccc(C(F)(F)F)cc3c12,330.26,100000000
CHEMBL1397997,Cn1ncc2ccc(-c3ccc4ncnc(NCc5cccs5)c4c3)cc21,371.47,100000000
CHEMBL1724489,Cc1ccc(CNc2ncnc3ccc(-c4ccc(C(=O)O)o4)cc23)o1,349.35,100000000
CHEMBL571292,COc1ccc(/C=C2\CC(=O)NC2=O)cc1,217.22,100000000
CHEMBL2234216,O=C1NN=C(c2ccccc2)/C(=N/Nc2ccccc2)C1=O,292.3,100000000
CHEMBL4101671,C[C@@H](c1ccc(F)cc1)n1nnc2cnc3ccc(-c4ccc(C#N)cc4)cc3c21,393.43,100000000
CHEMBL4074986,Cc1cc(-c2ccc3ncc4nnn([C@@H](C)c5ccc(F)cc5)c4c3c2)ccc1F,400.43,100000000
CHEMBL3589658,O=C(O)c1ccc2[nH]c3c4ccccc4nc(C(=O)O)c3c2c1,306.28,100000000
CHEMBL3985735,COc1cc(-c2cn3cc(Cl)ccc3n2)cc(OC)c1OC,318.76,100000000
CHEMBL2234214,CCOC(=O)C(=O)/C(=N\Nc1ccccc1)C(=O)c1ccccc1,324.34,100000000
CHEMBL1495595,Clc1cccc(-c2ccc3ncnc(NCc4cccs4)c3c2)c1,351.86,100000000
CHEMBL3957926,COc1ccc(-c2cn3cc(Cl)ccc3n2)cc1O,274.71,100000000
CHEMBL3885092,N#C/C(=C\c1ccncc1)c1c[nH]c2ccccc12,245.28,100000000
CHEMBL2234212,CCOc1ccc(S(=O)(=O)N2CCOCC2)cc1-c1nc2ncccc2c(=O)[nH]1,416.46,100000000
CHEMBL4091127,COc1ccc2ncc(/C=C/c3cccc(C(F)(F)F)c3)n2n1,319.29,100000000
CHEMBL3741589,O=C(O)C1CN(Cc2ccc(OCc3ccc(Cl)c(Cl)c3)cc2)C1,366.24,100000000
CHEMBL2180866,O=C(Nc1cscn1)Nc1cccc2c1C1CCCCN1C2=O,328.4,100000000
CHEMBL3609655,CO[C@@H]1CCN2C(=O)c3cccc(NC(=O)Nc4cnccn4)c3[C@@H]2C1,353.38,100000000
CHEMBL3609664,COc1cc(NC(=O)Nc2cccc3c2C2CC4(CCN2C3=O)SCCS4)nc2ccccc12,492.63,100000000
CHEMBL3609675,CO[C@@H]1CCN2C(=O)c3cccc(NC(=O)Nc4cnc(C)cn4)c3[C@@H]2C1,367.41,100000000
CHEMBL2234218,CCOC(=O)c1[nH]nc(-c2ccc(F)cc2)c1/N=N/c1ccccc1,338.34,100000000
CHEMBL3219064,COc1ccc2[nH]c(-c3cccc(O)c3)c(-c3cccnc3)c2n1,317.35,100000000
CHEMBL4097535,O=C(Nc1cccc(O)c1)c1c[nH]c2ncc(-c3ccc(O)cc3)cc12,345.36,100000000
CHEMBL496666,COc1ccc(N2NC(=O)/C(=C\c3cccc(OC)c3)C2=O)cc1,324.34,100000000
CHEMBL552418,COc1nc(NNC(C)=O)c(C#N)c(-c2ccccc2)c1C#N,307.31,100000000
CHEMBL571001,COc1nc(NN)c(C#N)c(-c2ccccc2)c1C#N,265.28,100000000
CHEMBL4100703,C[C@@H](c1ccc(F)cc1)n1nnc2cnc3ccc(-c4ccc(C(N)=O)cc4)cc3c21,411.44,100000000
CHEMBL4078073,C[C@@H](c1ccc(F)cc1)n1nnc2cnc3ccc(-c4ccccc4)cc3c21,368.42,100000000
CHEMBL3786536,Cc1cnc(NC(=O)Nc2cccc3c2C2CCCCN2C3=O)cn1,337.38,100000000
CHEMBL3609657,O=C(Nc1cnccn1)Nc1cccc2c1[C@@H]1C[C@H](O)CCN1C2=O,339.36,100000000
CHEMBL3589657,Cc1ccc2[nH]c3c4ccccc4nc(C(=O)O)c3c2c1,276.3,100000000
CHEMBL4070354,O=C(Nc1ccc(O)cc1)c1c[nH]c2ncc(-c3ccc(O)cc3)cc12,345.36,100000000
CHEMBL4073972,Oc1ccc(-c2ccc3[nH]cc(-c4ccc(O)cc4)c3c2)cc1,301.35,100000000
CHEMBL4475097,COc1cc(Br)cc2[nH]cc(-c3cnc(-c4ccc(Br)[nH]4)o3)c12,437.09,100000000
CHEMBL4276946,CC(=O)n1nc(C)c(-c2ccc(Cl)c(Cl)c2)c1N,284.15,100000000
CHEMBL3338890,COc1ccc(Nc2cc(-c3ccccc3)n[nH]c2=O)cc1,293.33,100000000
CHEMBL2180856,O=C(Nc1cccc2c1C1CCCCN1C2=O)Nc1ncc(F)cc1F,358.35,100000000
CHEMBL4062803,Cc1n[nH]c2cc(Nc3nc(NC4CC4)c4occc4n3)ccc12,320.36,100000000
CHEMBL3609672,Cn1ccc(NC(=O)Nc2cccc3c2C2CC4(CCN2C3=O)SCCS4)n1,415.54,100000000
CHEMBL3787033,Cc1cncc(NC(=O)Nc2cccc3c2C2CCCCN2C3=O)n1,337.38,100000000
CHEMBL3338892,COc1ccc(Nc2cc(-c3ccco3)n[nH]c2=O)cc1,283.29,100000000
CHEMBL3974565,COc1ccc(-c2ccc3nc(-c4ccc(O)c(C(N)=O)c4)cn3c2)cc1,359.39,100000000
CHEMBL3903725,Nc1ccc(-c2ccc3ncc4c(=O)[nH]c(=O)n(-c5cccc(C(F)(F)F)c5)c4c3n2)cn1,450.38,100000000
CHEMBL1396306,COc1cc2ncnc(N(C)Cc3cccs3)c2cc1-c1ccc2c(c1)OCO2,405.48,100000000
CHEMBL4092345,Nc1ccc(-c2c[nH]c3ncc(-c4ccc(O)cc4)cc23)cc1,301.35,100000000
CHEMBL3785573,O=C(Nc1cccc(CN2CCOCC2)n1)Nc1cccc2c1C1CCCCN1C2=O,421.5,100000000
CHEMBL3338885,COc1ccc2[nH]c3c(=O)[nH]nc(-c4ccccc4)c3c2c1,291.31,100000000
CHEMBL3785804,COCc1cccc(NC(=O)Nc2cccc3c2C2CCCCN2C3=O)n1,366.42,100000000
CHEMBL1609579,c1cncc(-c2ccc3ncnc(NCc4cccs4)c3c2)c1,318.41,100000000
CHEMBL1604618,Cc1ccc(CNc2ncnc3ccc(-c4ccc(CO)o4)cc23)o1,335.36,100000000
CHEMBL3609566,CO[C@@H]1CCN2C(=O)c3cccc(NC(=O)Nc4ccccn4)c3[C@@H]2C1,352.39,100000000
CHEMBL4438748,CN(C)c1ccc(C(=O)Nc2cccc(NC(=O)COc3ccc4c(=O)ccoc4c3)c2)cc1,457.49,100000000
CHEMBL4548361,COc1cc(Br)cc2[nH]c(I)c(-c3cnc(-c4ccc[nH]4)o3)c12,484.09,100000000
CHEMBL3289596,O=C1Cc2c([nH]c3c(/C=C/C(=O)c4ccccc4)cccc23)-c2cccnc2N1,379.42,100000000
CHEMBL3912662,NC(=O)c1cc(-c2cn3cc(-c4ccc([N+](=O)[O-])cc4)ccc3n2)ccc1O,374.36,100000000
CHEMBL3903644,NC(=O)c1cc(-c2cn3cc(N)ccc3n2)ccc1O,268.28,100000000
CHEMBL3885267,N#Cc1cc2cccnc2c2[nH]c3ccccc3c12,243.27,100000000
CHEMBL3589654,CC(C)(C)c1ccc2[nH]c3c4ccccc4nc(C(=O)O)c3c2c1,318.38,100000000
CHEMBL3609658,Cc1cccc(NC(=O)Nc2cccc3c2C2CC4(CCN2C3=O)OCCO4)n1,394.43,100000000
CHEMBL4634634,C[C@@H]1C[C@H]1C(=O)N1CCN(c2cnc(C#N)c(-c3cnn(C)c3)n2)C[C@H]1C,365.44,100000000
CHEMBL4083661,Oc1ccc(-c2ccc3[nH]nc(-c4ccc(O)cc4)c3c2)cc1,302.33,100000000
CHEMBL3589656,O=C(O)c1nc2ccccc2c2[nH]c3ccc([N+](=O)[O-])cc3c12,307.26,100000000
CHEMBL3609660,CO[C@@H]1CCN2C(=O)c3cccc(NC(=O)Nc4cccc(C)n4)c3[C@@H]2C1,366.42,100000000
