ID,SMILES,act_mean,Type
CHEMBL3609663,COc1cc(NC(=O)Nc2cccc3c2C2CC4(CCN2C3=O)OCCO4)nc2ccccc12,100000000,0
CHEMBL3589661,O=C(O)c1nc2ccccc2c2[nH]c3c(Br)cccc3c12,20,1
CHEMBL2180847,O=C(Nc1cc(-c2ccccc2)on1)Nc1cccc2c1C1CCCCN1C2=O,100000000,0
CHEMBL2392235,Fc1cncc(CNc2ccnc(-c3ccc4c(c3)OCO4)n2)c1,23200,0
CHEMBL2295955,CC(C)C[C@H](O)Nc1nc(Nc2ccc(-c3cncnc3)cc2)c2ncn(C(C)C)c2n1,1100,0
CHEMBL4576555,CN1CCN(C(=O)C(C)(C)c2ccc(C(=O)Nc3cn4cc(-c5cc(C(C)(C)C)cc(C(C)(C)C)c5)ccc4n3)cc2)CC1,100000000,0
CHEMBL4092117,CC[C@@H](CO)Nc1ccc2ncc(-c3cccc(C(=O)O)c3)n2n1,1600,0
CHEMBL4513287,COC(=O)CCCCCn1c2cc(OC)ccc2c2ccnc(C)c21,112,1
CHEMBL1899256,Brc1ccc(CNc2nccc(-c3ccc4c(c3)OCO4)n2)cc1Br,449.5,1
CHEMBL4641672,O=C(Nc1cc(-c2cn(C3CCOCC3)c3cnccc23)ccn1)N1CCOCC1,24.5,1
CHEMBL2314466,CC[C@H](CO)Nc1nc(Nc2ccncc2)c2ncn(C(C)C)c2n1,4100,0
CHEMBL2089035,CC(C)n1cnc2c(NCc3ccc(-c4ccccn4)cc3)nc(NCC[C@H](O)CO)nc21,790,1
CHEMBL3775969,COc1ccc(/C=C2\CC(C)OC2=O)cc1,1200,0
CHEMBL2392227,Fc1cc(CNc2ccnc(-c3ccc4c(c3)OCO4)n2)cc(F)c1F,20700,0
CHEMBL2392368,FC(F)(F)c1cc(Br)cc(Nc2nccc(-c3ccc4c(c3)OCO4)n2)c1,313.5,1
CHEMBL4074132,CC(C)[C@@H](CO)Nc1ccc2ncc(-c3cccnc3)n2n1,390,1
CHEMBL3775538,CC1C/C(=C\c2ccc3ncsc3c2)C(=O)O1,1080,0
CHEMBL3589659,O=C(O)c1nc2ccc(I)cc2c2[nH]c3ccc(Cl)cc3c12,100000000,0
CHEMBL4278353,O=C(Nc1cncc(-c2cc(-c3cn[nH]c3)cs2)c1)C1CC1,18,1
CHEMBL4446434,COc1cc(Br)cc2[nH]cc(-c3cnc(-c4ccc[nH]4)o3)c12,100000000,0
CHEMBL4093231,CC[C@@H](CO)NC(=O)c1cccc(-c2cnc3ccc(Cl)nn23)c1,2100,0
CHEMBL3883764,N#Cc1cc2cnccc2c2[nH]c3ccccc3c12,50,1
CHEMBL3094446,COc1ncc2cc(C(=O)Nc3cc(C(=O)Nc4ccccc4)ccc3Cl)c(=O)[nH]c2n1,780,1
CHEMBL4167484,COc1ccc(N)cc1-c1cnc(N)c(C(=O)c2cccnc2)n1,100000000,0
CHEMBL565654,COc1cccc(-c2ccc3ncnc(NCc4cccs4)c3c2)c1,5697,0
CHEMBL470631,O=C1NN(c2ccc(Cl)c(Cl)c2)C(=O)/C1=C/c1ccc(F)c(F)c1,5000,0
CHEMBL4075648,Clc1cnccc1-c1c[nH]c2cnccc12,61,1
CHEMBL3597991,c1cncc(-c2csc(-c3cncs3)c2)c1,100,1
CHEMBL2386747,COC(=N)c1nc2ccc3ncnc(Nc4ccc(Cl)cc4Cl)c3c2s1,0.22,1
CHEMBL1357429,c1cncc(CNc2cc(-c3ccc4c(c3)OCO4)ncn2)c1,16420,0
CHEMBL2180849,O=C(Nc1cc2ccccc2cn1)Nc1cccc2c1C1CCCCN1C2=O,100000000,0
CHEMBL4648945,c1cc(-c2cn(CC3CC3)c3cnccc23)ccn1,109,1
CHEMBL1734733,c1nc(NCC2CCCOC2)c2cc(-c3ccc4c(c3)OCO4)ccc2n1,135,1
CHEMBL23327,CC(C)[C@H](CO)Nc1nc(Nc2cccc(Cl)c2)c2ncn(C(C)C)c2n1,300,1
CHEMBL3094447,COc1ncc2cc(C(=O)Nc3cc(C(=O)NCc4ccccc4)ccc3Cl)c(=O)[nH]c2n1,180,1
CHEMBL3335362,O=C(c1cccc(O)c1)c1cc2ccccc2s1,42000,0
CHEMBL3786332,O=C(Nc1cccc(CO)n1)Nc1cccc2c1C1CCCCN1C2=O,100000000,0
CHEMBL3297832,COc1c(O)ccc2c(=O)c3c(O)cc4c(c3[nH]c12)C=CC(C)(C)O4,75,1
CHEMBL4285559,Nc1ccc(-c2cc(-c3cccnc3)cs2)cn1,614.3,1
CHEMBL3987173,CCN(CC)CCNC(=N)c1nc2ccc3ncnc(Nc4ccc5c(c4)OCO5)c3c2s1,5500,0
CHEMBL4564337,COc1cc2c(-c3cnc(-c4ccc[nH]4)o3)c[nH]c2cc1Br,2300,0
CHEMBL3894571,COC(=N)c1nc2ccc3ncnc(Nc4ccc(OC)cc4F)c3c2s1,0.36,1
CHEMBL4091320,COCCn1cc(-c2ccncc2)c2ccncc21,141,1
CHEMBL2386746,COC(=N)c1nc2ccc3ncnc(Nc4ccc(F)cc4Cl)c3c2s1,0.99,1
CHEMBL2386760,COC(=O)c1nc2ccc3ncnc(Nc4ccc(Cl)cc4Cl)c3c2s1,5.1,1
CHEMBL2164696,Cc1c2c(cc[n+]1Cc1ccccc1)c1ccc(OCC3CCCCC3)cc1n2CC1CCCCC1,43000,0
CHEMBL2314435,CC[C@@H](CO)Nc1nc(Nc2ccnnc2)c2ncn(C(C)C)c2n1,300,1
CHEMBL2234268,CCOC(=O)c1[nH]nc(-c2ccc(Br)cc2)c1N,100000000,0
CHEMBL1329627,CCOC(=O)c1ccc(-c2ccc3ncnc(NCc4ccc(C)o4)c3c2)o1,3629,0
CHEMBL469570,COc1ccc(/C=C2\C(=O)NN(c3ccc(Cl)c(Cl)c3)C2=O)c(OC)c1,100000000,0
CHEMBL379929,CC(C)c1nnc2ccc(-c3ocnc3-c3ccccc3)cn12,100000000,0
CHEMBL3094453,COc1ncc2cc(C(=O)Nc3cc(-c4nnn(Cc5ccccc5)n4)ccc3Cl)c(=O)[nH]c2n1,6520,0
CHEMBL3102932,COc1ccc(-c2cc3c(-c4ccccc4)c[nH]c3cn2)cc1,17000,0
CHEMBL4548361,COc1cc(Br)cc2[nH]c(I)c(-c3cnc(-c4ccc[nH]4)o3)c12,100000000,0
CHEMBL3094444,COc1ncc2cc(C(=O)Nc3cc(C(N)=O)ccc3Cl)c(=O)[nH]c2n1,47,1
CHEMBL3909053,NC(=O)c1nc2ccc3ncnc(Nc4ccc(F)c(Cl)c4)c3c2s1,5500,0
CHEMBL1899640,Clc1ccc(Nc2nccc(-c3ccc4c(c3)OCO4)n2)cc1,396.5,1
CHEMBL1933804,COc1ccc2c(Cl)c(C(=O)NNC(=O)C3CCCCC3)sc2c1,19470,0
CHEMBL4552628,Cc1sc(C(=O)N[C@@H]2[C@H](N)CCCC2(F)F)cc1-c1cnn2cc(Cl)cnc12,130,1
CHEMBL3975059,COc1ccc(Nc2ncnc3ccc4nc(C(=N)N(C)C)sc4c23)cc1,500,1
CHEMBL3094465,COc1ncc2cc(C(=O)Nc3cc(C(=O)NC(CCN(C)C)c4cccc(Cl)c4)ccc3Cl)c(=O)[nH]c2n1,156,1
CHEMBL2180856,O=C(Nc1cccc2c1C1CCCCN1C2=O)Nc1ncc(F)cc1F,100000000,0
CHEMBL3787135,O=C(Nc1ccc2ccccc2n1)Nc1cccc2c1C1CCCCN1C2=O,9000,0
CHEMBL3785596,CN1CCN(Cc2cccc(NC(=O)Nc3cccc4c3C3CCCCN3C4=O)n2)CC1,100000000,0
CHEMBL4085242,C[C@@H](c1ccc(F)cc1)n1nnc2cnc3ccc(-c4cccnc4)cc3c21,100000000,0
CHEMBL4082710,C[C@@H](c1ccc(F)cc1)n1nnc2cnc3ccc(N4CCOCC4)cc3c21,3360,0
CHEMBL3609658,Cc1cccc(NC(=O)Nc2cccc3c2C2CC4(CCN2C3=O)OCCO4)n1,100000000,0
CHEMBL2295939,CC(C)C(O)Nc1nc(Nc2cccc(-c3ncccn3)c2)c2ncn(C(C)C)c2n1,4700,0
CHEMBL4291297,O=C(Nc1cncc(-c2cc(-c3cccnc3)cs2)c1)c1ccccc1Cl,90.5,1
CHEMBL4173266,COc1ccc2c(c1)[nH]c1c(C)nc(CO)cc12,49.5,1
CHEMBL2386766,COC(=N)c1nc2ccc3ncnc(Nc4ccc(C#N)cc4)c3c2s1,3.89,1
CHEMBL4528315,COc1ccc2c3ccnc(C)c3n(CCC(=O)O)c2c1,1020,0
CHEMBL4636572,COc1cccc(N(C)c2nccc(-c3cnn4ncccc34)n2)c1,97,1
CHEMBL1433941,Cc1cccc(-c2ccc3ncnc(NCc4cccs4)c3c2)c1,100000000,0
CHEMBL4476426,COc1cc(Br)cc2[nH]cc(-c3cnc(-c4cc(Br)c[nH]4)o3)c12,100000000,0
CHEMBL2314477,CC[C@@H](CO)Nc1nc(Nc2ccccn2)c2ncn(C(C)C)c2n1,2100,0
CHEMBL484334,COc1ccc(N2NC(=O)/C(=C\c3cc(O)cc(O)c3)C2=O)cc1,100000000,0
CHEMBL4083661,Oc1ccc(-c2ccc3[nH]nc(-c4ccc(O)cc4)c3c2)cc1,100000000,0
CHEMBL1933805,Cc1ccc(C(=O)Nc2nccc(-c3ccc4c(c3)OCCO4)n2)cc1,1510,0
CHEMBL3335354,O=C(c1ccc(O)cc1)c1cc2cc(O)ccc2s1,3400,0
CHEMBL4093503,C[C@@H](c1ccc(F)cc1)n1nnc2cnc3ccc(-c4ccc5occc5c4)cc3c21,1318,0
CHEMBL4648047,O=C(Nc1cc(-c2cn(-c3ccccc3)c3cnccc23)ccn1)C1CC1,301,1
CHEMBL3931248,CN(C)C(=N)c1nc2ccc3ncnc(Nc4ccc(Br)cc4F)c3c2s1,146.6,1
CHEMBL4088668,Cc1cc(-c2ccc3ncc4nnn([C@H](C)c5ccc(F)cc5)c4c3c2)ccn1,194,1
CHEMBL3786276,O=C(Nc1cc(CN2CCOCC2)ccn1)Nc1cccc2c1C1CCCCN1C2=O,7100,0
CHEMBL4097535,O=C(Nc1cccc(O)c1)c1c[nH]c2ncc(-c3ccc(O)cc3)cc12,100000000,0
CHEMBL3930589,Oc1ccc(-c2cn3cc(Cl)ccc3n2)cc1,100000000,0
CHEMBL552134,Cn1nc(N)c2c(-c3ccccc3)c(C#N)c(N)nc21,100000000,0
CHEMBL4644898,CC1(Cn2cc(-c3ccncc3)c3ccncc32)COC1,315,1
CHEMBL4555884,COc1cc(Br)cc2[nH]cc(-c3oc(-c4ccc[nH]4)nc3I)c12,100000000,0
CHEMBL4282315,COc1cc2[nH]c(=O)c(C(=O)Nc3cc(C(=O)NC(CCN)c4ccsc4)ccc3Cl)cc2cn1,4.6,1
CHEMBL2386752,COC(=N)c1nc2ccc3ncnc(Nc4ccc(O)c(F)c4)c3c2s1,8.63,1
CHEMBL519700,COc1ccc(N2NC(=O)/C(=C\c3cc(OC)c(O)c(OC)c3)C2=O)cc1,100000000,0
CHEMBL2314458,CC(C)n1cnc2c(Nc3ccncn3)nc(Cl)nc21,100000000,0
CHEMBL2392236,Clc1cncc(CNc2ccnc(-c3ccc4c(c3)OCO4)n2)c1,26000,0
CHEMBL4636064,CCN1CCN(C(=O)Nc2cc(-c3cn(C4CCOCC4)c4cnccc34)ccn2)CC1,6.2,1
CHEMBL2314452,CC(C)n1cnc2c(Nc3ccncn3)nc(C(C)(C)CO)nc21,16000,0
CHEMBL3102950,Oc1ccc(-c2cnc3[nH]cc(-c4ccc(O)cc4)c3c2)cc1,14,1
CHEMBL3609744,CO[C@@H]1CCN2C(=O)c3cccc(NC(=O)Nc4cc(C)ccn4)c3[C@@H]2C1,100000000,0
CHEMBL1724489,Cc1ccc(CNc2ncnc3ccc(-c4ccc(C(=O)O)o4)cc23)o1,100000000,0
CHEMBL496666,COc1ccc(N2NC(=O)/C(=C\c3cccc(OC)c3)C2=O)cc1,100000000,0
CHEMBL4064316,CC(C)n1cc(-c2ccncc2)c2ccncc21,8,1
CHEMBL509892,O=C1NN(c2ccc(Cl)c(Cl)c2)C(=O)/C1=C/c1c(Cl)cccc1Cl,100000000,0
CHEMBL557120,N#Cc1cc2c(N)n(-c3ccccc3)nc2nc1N,100000000,0
CHEMBL2314434,CC(C)n1cnc2c(Nc3ccnnc3)nc(C(C)(C)CO)nc21,3000,0
CHEMBL3735506,COCCN1CCC(CNC(=O)c2n[nH]c3ccc(-c4cccc(F)c4F)cc23)CC1,40,1
CHEMBL3936539,NC(=O)c1cc(-c2cn3cc(I)ccc3n2)ccc1O,100000000,0
CHEMBL2314456,CC[C@H](CO)Nc1nc(Nc2ccncn2)c2ncn(C(C)C)c2n1,3200,0
CHEMBL498719,COc1ccc(/C=C2\C(=O)NN(c3ccc(C#N)cc3)C2=O)cc1O,100000000,0
CHEMBL4062453,CN(C)CCn1cc(-c2ccn3c(-c4ccc(C(N)=O)c(OCc5cccc(F)c5)c4)cnc3c2)cn1,6.5,1
CHEMBL3609659,Cc1cccc(NC(=O)Nc2cccc3c2C2CC4(CCN2C3=O)SCCS4)n1,100000000,0
CHEMBL2295940,CC(O)C(O)Nc1nc(Nc2cccc(-c3ncccn3)c2)c2ncn(C(C)C)c2n1,7000,0
CHEMBL4102553,Oc1ccc(-c2cnc3[nH]cc(-c4ccc(-c5nnn[nH]5)cc4)c3c2)cc1,280,1
CHEMBL2295942,CC(C)n1cnc2c(Nc3cccc(-c4cncnc4)c3)nc(Cl)nc21,3000,0
CHEMBL4067477,CC[C@@H](CO)Nc1ccc2ncc(-c3cc(Cl)ccc3N)n2n1,11000,0
CHEMBL3589666,COc1ccc2c(c1)nc(C(=O)O)c1c3cccc(Br)c3[nH]c21,18,1
CHEMBL4174335,COc1ccc2c(c1)[nH]c1c(C(C)O)nccc12,858,1
CHEMBL4070227,CC[C@@H](CO)/N=C/c1cccc(-c2cnc3ccc(N[C@@H](CC)CO)nn23)c1,120,1
CHEMBL4159941,COc1ccc2c(c1)[nH]c1c(Cl)nccc12,8.8,1
CHEMBL2386770,COC(=N)c1nc2ccc3ncnc(Nc4ccc(F)cc4Br)c3c2s1,1.88,1
CHEMBL496665,COc1ccc(N2NC(=O)/C(=C\c3ccccc3OC)C2=O)cc1,100000000,0
CHEMBL4286803,O=C(Nc1cncc(-c2cc(-c3cccnc3)cs2)c1)c1ccc(F)cc1,183.2,1
CHEMBL4085467,FC(F)(F)c1ccc(-c2cnc3ccc(Cl)nn23)cc1,7300,0
CHEMBL3915647,COC(=N)c1nc2ccc3ncnc(Nc4cc(Br)c5c(c4)OCO5)c3c2s1,2.76,1
CHEMBL3094463,COc1ncc2cc(C(=O)Nc3cc(C(=O)NC4(c5cccc(Cl)c5)CCNCC4)ccc3Cl)c(=O)[nH]c2n1,1229,0
CHEMBL38043,COc1ccc(/C=C2\NC(=O)NC2=O)cc1,6400,0
CHEMBL2234269,O=c1[nH]cnc2c(-c3ccccc3)n[nH]c12,100000000,0
CHEMBL4070189,CC[C@@H](CO)Nc1ccc2ncc(-c3cccc(S(C)(=O)=O)c3)n2n1,93,1
CHEMBL4069088,Nc1cc(-c2c[nH]c3cc(Cl)ccc23)ccn1,2939,0
CHEMBL4080994,O=C(Nc1ccc(O)cc1)c1cnc2[nH]cc(-c3ccc(O)cc3)c2c1,344,1
CHEMBL568150,O=C1NC(=O)/C(=C/c2ccc3nccnc3c2)S1,815,1
CHEMBL4064426,Cc1cc(-c2ccc3ncc4nnn([C@@H](C)c5ccc(Cl)cc5)c4c3c2)ccn1,1756,0
CHEMBL2314451,CC(C)n1cnc2c(Nc3cncnc3)nc(Cl)nc21,5300,0
CHEMBL469777,COc1ccc(/C=C2\C(=O)NN(c3ccc(Cl)c(Cl)c3)C2=O)cc1,100000000,0
CHEMBL2386763,COC(=N)c1nc2ccc3ncnc(Nc4ccccc4)c3c2s1,1.81,1
CHEMBL4284240,COc1ccc2c(c1)CC(n1c(C)nc3ccc(-c4cc(N)nc(N)c4)nc31)C2,4,1
CHEMBL4087125,Oc1ccc(-c2c[nH]c3ncc(-c4ccc(-c5nnn[nH]5)cc4)cc23)cc1,86,1
CHEMBL3962894,NC(=O)c1cc(-c2cn3cc(O)ccc3n2)ccc1O,3000,0
CHEMBL1476499,Cc1occc1CNc1ncnc2ccc(-c3ccc4c(c3)OCO4)cc12,57,1
CHEMBL3883660,COc1ccc2c(c1)[nH]c1c3ccncc3cc(C#N)c21,25,1
CHEMBL3609655,CO[C@@H]1CCN2C(=O)c3cccc(NC(=O)Nc4cnccn4)c3[C@@H]2C1,100000000,0
CHEMBL4089159,COC(=O)C1=C(Nc2ccccc2Cl)O/C(=C\c2c[nH]c3ncccc23)C1=O,53,1
CHEMBL552418,COc1nc(NNC(C)=O)c(C#N)c(-c2ccccc2)c1C#N,100000000,0
CHEMBL1230165,O=C(O)c1ccc2c(c1)nc(Nc1cccc(Cl)c1)c1ccncc12,6.8,1
CHEMBL4172756,COc1ccc2c(c1)[nH]c1c(N3CCCC3c3ccccc3)nccc12,123,1
CHEMBL3589663,COc1cccc2c1[nH]c1c3ccccc3nc(C(=O)O)c21,32,1
CHEMBL4086182,Cc1noc(C)c1-c1ccc2ncc3nnn([C@@H](C)c4ccc(F)cc4)c3c2c1,100000000,0
CHEMBL2006765,CCCNC(=O)c1ccc(Nc2nc(NCC(F)(F)F)c3cc[nH]c3n2)cc1,2940,0
CHEMBL571292,COc1ccc(/C=C2\CC(=O)NC2=O)cc1,100000000,0
CHEMBL2314442,CC[C@H](CO)Nc1cncc(Nc2nc3cncnc3n2C(C)C)n1,400,1
CHEMBL3421979,Cc1nccc(-c2c[nH]c3cnccc23)n1,19,1
CHEMBL3094456,COc1ncc2cc(C(=O)Nc3cc(C(=O)NC(CCCN)c4ccccc4)ccc3Cl)c(=O)[nH]c2n1,15,1
CHEMBL380093,COc1cc(/C=C2\C(=O)NN(c3ccc(Cl)c(Cl)c3)C2=O)ccc1O,2500,0
CHEMBL3775949,COc1ccc(/C=C2/SC(=S)NC2=O)cc1,250,1
CHEMBL4564623,COc1ccc2c3ccnc(C)c3n(CCC(N)=O)c2c1,139,1
CHEMBL109269,CCn1c2cc(OC)ccc2c2ccnc(C)c21,400,1
CHEMBL2180865,O=C(Nc1ccncn1)Nc1cccc2c1C1CCCCN1C2=O,100000000,0
CHEMBL3786657,COC(=O)c1cccnc1NC(=O)Nc1cccc2c1C1CCCCN1C2=O,100000000,0
CHEMBL3094441,COC(=O)c1ccc(C)c(NC(=O)c2cc3cnc(OC)nc3[nH]c2=O)c1,116,1
CHEMBL2180858,COc1cccnc1NC(=O)Nc1cccc2c1C1CCCCN1C2=O,8100,0
CHEMBL4483653,COc1ccc2c3ccnc(C)c3n(CCCCCC(N)=O)c2c1,168,1
CHEMBL4079572,Nc1nccc(-c2c[nH]c3cnccc23)n1,1,1
CHEMBL4072795,C[C@@H](c1ccc(F)cc1)n1nnc2cnc3ccc(-c4ccc5c(c4)OCO5)cc3c21,257,1
CHEMBL1476609,Cc1ccsc1CN(C)c1ncnc2ccc(-c3ccc(CO)o3)cc12,557,1
CHEMBL3092864,NCCOCCOCCOc1ccc(NC2=N/C(=C\c3ccccc3)C(=O)N2)cc1,8500,0
CHEMBL4090223,CSc1ccc2ncc(-c3ccc4[nH]ccc4c3)n2n1,580,1
CHEMBL469776,O=C1NN(c2ccc(Cl)c(Cl)c2)C(=O)/C1=C/c1ccc(Cl)cc1,20000,0
CHEMBL1357975,c1coc(CCNc2ncnc3ccc(-c4ccc5c(c4)OCO5)cc23)c1,74,1
CHEMBL3609566,CO[C@@H]1CCN2C(=O)c3cccc(NC(=O)Nc4ccccn4)c3[C@@H]2C1,100000000,0
CHEMBL2164709,Cc1nccc2c3ccc(OCc4ccccc4)cc3n(Cc3ccccc3)c12,16150,0
CHEMBL2314450,CC(C)n1cnc2c(Nc3cncnc3)nc(Nc3cncnc3)nc21,480,1
CHEMBL4062820,CC[C@@H](CO)Nc1ccc2ncc(-c3cc4ccccc4[nH]3)n2n1,340,1
CHEMBL4475097,COc1cc(Br)cc2[nH]cc(-c3cnc(-c4ccc(Br)[nH]4)o3)c12,100000000,0
CHEMBL1645546,COCCOc1ccc2c(c1)[nH]c1c(C)nccc12,15750,0
CHEMBL1234833,CC(C)c1cnn2c(NCc3ccccc3)cc(N[C@@H](CO)[C@H](O)CO)nc12,2100,0
CHEMBL4074986,Cc1cc(-c2ccc3ncc4nnn([C@@H](C)c5ccc(F)cc5)c4c3c2)ccc1F,100000000,0
CHEMBL485053,CN1C(=O)/C(=C/c2ccc3c(c2)OCO3)N=C1N,775,1
CHEMBL187081,COc1cccc(Nc2nccc(-c3cnn4ncccc34)n2)c1,12,1
CHEMBL2234215,CCOC(=O)C(=O)/C(=N\Nc1ccccc1)C(=O)c1ccc(Cl)cc1,100000000,0
CHEMBL4105084,CC[C@@H](CO)Nc1ccc2ncc(-c3cccc(Cl)c3)n2n1,75,1
CHEMBL4083249,C[C@@H](c1ccc(F)cc1)n1nnc2cnc3ccc(-c4ccc5ocnc5c4)cc3c21,138,1
CHEMBL4090007,CCOC(=O)c1c(/C(C#N)=C/N)c2ccc(Cl)c(Cl)c2n1C,55.2,1
CHEMBL4288096,COc1ccc(/C=C2\SC(=S)NC2=O)cc1C#C[Si](C)(C)C,110,1
CHEMBL2314467,CC[C@@H](CO)Nc1nc(Nc2ccncc2)c2ncn(C(C)C)c2n1,800,1
CHEMBL4283894,O=C(Nc1cccc(O)c1)Nc1nc2ccc(O)cc2s1,134,1
CHEMBL4292471,Cc1ccc(C(=O)Nc2cncc(-c3cc(-c4cccnc4)cs3)c2)cc1,51.4,1
CHEMBL4293599,CC[C@@H](CO)Nc1cc(NCc2ccc(-c3ccccn3)cc2)c2ncn(C(C)C)c2n1,2800,0
CHEMBL3609671,Cc1cccnc1NC(=O)Nc1cccc2c1[C@@H]1C[C@H](O)CCN1C2=O,6200,0
CHEMBL3609565,O=C(Nc1ccccn1)Nc1cccc2c1C1CC3(CCN1C2=O)SCCS3,100000000,0
CHEMBL2180860,O=C(Nc1cccc2c1C1CCCCN1C2=O)NC1CCCCC1,100000000,0
CHEMBL1738733,O=C1N=C(Nc2ccccc2)N=C1Cc1ccc2c(c1)OCO2,7.6,1
CHEMBL2295938,CC(C)C[C@H](O)Nc1nc(Nc2cccc(-c3ncccn3)c2)c2ncn(C(C)C)c2n1,2000,0
CHEMBL4104765,Cc1ccc([C@@H](C)n2nnc3cnc4ccc(-c5ccnc(C)c5)cc4c32)cc1,141,1
CHEMBL2089032,CC(C)n1cnc2c(NCc3ccc(-c4ccccn4)cc3)nc(NC[C@@H](O)CO)nc21,710,1
CHEMBL4290268,Cn1cc(-c2csc(-c3cccnc3)c2)cn1,130,1
CHEMBL4092345,Nc1ccc(-c2c[nH]c3ncc(-c4ccc(O)cc4)cc23)cc1,100000000,0
CHEMBL4075959,O=[N+]([O-])c1ccc(-c2cnc3[nH]cc(-c4ccc(O)cc4)c3c2)cc1,212,1
CHEMBL4285513,O=C(Nc1ccccc1)Nc1nc2ccc(O)cc2s1,163,1
CHEMBL2314471,CC(C)[C@H](CO)Nc1nc(Nc2cccnc2)c2ncn(C(C)C)c2n1,400,1
CHEMBL1885748,Clc1cc(Cl)cc(CNc2ncncc2-c2ccc3c(c2)OCO3)c1,1441,0
CHEMBL4283765,O=C1NC(Nc2ccccc2)=N/C1=C/c1ccc2c(c1)OCO2,32,1
CHEMBL4085557,COc1ccc2sc(C(=O)N(C)Cc3ccccc3)cc2c1,520,1
CHEMBL4104122,CCn1nnc2cnc3ccc(-c4ccnc(C)c4)cc3c21,283,1
CHEMBL4086818,Nc1cc(-c2c[nH]c3c(Cl)cccc23)ccn1,94,1
CHEMBL4104296,CC[C@@H](CO)Nc1ccc2ncc(-c3ccc(C(F)(F)F)cc3)n2n1,1100,0
CHEMBL2314443,CC(C)n1cnc2c(Nc3cnccn3)nc(Cl)nc21,9000,0
CHEMBL3787557,CN1CCN(Cc2ccnc(NC(=O)Nc3cccc4c3C3CCCCN3C4=O)c2)CC1,3000,0
CHEMBL4084364,CC[C@@H](CO)Nc1ccc2ncc(-c3ccnc(N)n3)n2n1,3200,0
CHEMBL3335353,Cn1c(C(=O)c2cccc(O)c2)cc2cc(O)ccc21,3400,0
CHEMBL1513850,COc1ccc(-c2ccc3ncnc(NCc4cccs4)c3c2)cc1OC,100000000,0
CHEMBL460464,COC(=O)[C@]1(Cc2ccc(O)c(CC=C(C)C)c2)OC(=O)C(OS(=O)(=O)O)=C1c1ccc(O)cc1,100000000,0
CHEMBL4072138,N#Cc1cccc2c(-c3ccnc(N)n3)c[nH]c12,138,1
CHEMBL4159193,COc1ccc2c(c1)[nH]c1c(C)nc(C)cc12,971,1
CHEMBL2392390,COc1ccc(CNc2ccnc(-c3ccc4c(c3)OCO4)n2)cc1,46300,0
CHEMBL3094464,COc1ncc2cc(C(=O)Nc3cc(C(=O)N4CCc5ccccc5C4)ccc3Cl)c(=O)[nH]c2n1,4010,0
CHEMBL3884932,COc1ccc2[nH]c3c4c(OC)cncc4cc(C#N)c3c2c1,600,1
CHEMBL3945429,NC(=O)c1cc(-c2cn3cc(F)ccc3n2)ccc1O,4700,0
CHEMBL2386749,COC(=N)c1nc2ccc3ncnc(Nc4ccc(O)c([N+](=O)[O-])c4)c3c2s1,4.91,1
CHEMBL2386768,COC(=N)c1nc2ccc3ncnc(Nc4ccc(N(C)C)cc4)c3c2s1,35.64,1
CHEMBL4643515,COc1ccccc1Nc1nccc(-c2cnn3ncccc23)n1,137,1
CHEMBL523580,COc1ccc(N2NC(=O)/C(=C\c3ccccc3F)C2=O)cc1,100000000,0
CHEMBL2295957,CC(C)n1cnc2c(Nc3ccc(-c4cncnc4)cc3)nc(NC(O)CCO)nc21,1200,0
CHEMBL3589660,O=C(O)c1nc2ccccc2c2[nH]c3c(Cl)cccc3c12,31,1
CHEMBL3609668,Cc1cccnc1NC(=O)Nc1cccc2c1C1CC3(CCN1C2=O)OCCO3,100000000,0
CHEMBL4063254,COc1ccc2ncc(-c3ccc(C(F)(F)F)cc3)n2n1,2800,0
CHEMBL2392366,COc1ccc(-c2ccnc(NCc3ccc(Cl)c(Cl)c3)n2)cc1OC,26020,0
CHEMBL4098237,CC[C@@H](CO)Nc1ccc2ncc(-c3cccc(C(=O)N[C@H](CC)CO)c3)n2n1,7900,0
CHEMBL4283474,O=C(Nc1cncc(-c2cc(-c3cccnc3)cs2)c1)c1c(F)cc(F)cc1F,23.5,1
CHEMBL388978,CN[C@@H]1C[C@H]2O[C@@](C)([C@@H]1OC)n1c3ccccc3c3c4c(c5c6ccccc6n2c5c31)C(=O)NC4,11.96,1
CHEMBL4098107,COc1ccc2ncc(-c3cccc(C(F)(F)F)c3)n2n1,1300,0
CHEMBL567331,c1csc(CNc2ncnc3ccc(-c4ccc5c(c4)OCO5)cc23)c1,44.5,1
CHEMBL213423,CC(C)c1nnc2ccc(-c3ocnc3-c3cc(F)c(F)cc3F)cn12,100000000,0
CHEMBL4077010,Cn1cc(-c2ccncc2)c2ccncc21,89,1
CHEMBL2234211,O=c1[nH]cnc2c(-c3ccc(Br)cc3)n[nH]c12,100000000,0
CHEMBL2386748,COC(=N)c1nc2ccc3ncnc(Nc4ccc(F)cc4F)c3c2s1,0.94,1
CHEMBL4437998,COC(=O)CCCCn1c2cc(OC)ccc2c2ccnc(C)c21,97,1
CHEMBL2314475,CC(C)[C@@H](CO)Nc1nc(Nc2ccccn2)c2ncn(C(C)C)c2n1,1200,0
CHEMBL2392224,Fc1cc(F)cc(CNc2ccnc(-c3ccc4c(c3)OCO4)n2)c1,13000,0
CHEMBL4078550,CC(=O)Nc1ccc(-c2cnc3[nH]cc(-c4ccc(O)cc4)c3c2)cc1,6.6,1
CHEMBL4521356,COC(=O)Cn1c2cc(OC)ccc2c2ccnc(C)c21,64,1
CHEMBL3896497,COc1cc(Nc2ncnc3ccc4nc(C(N)=O)sc4c23)cc(OC)c1OC,5500,0
CHEMBL2314437,CC[C@H](CO)Nc1nc(Nc2ccnnc2)c2ncn(C(C)C)c2n1,450,1
CHEMBL2386755,N=C(OCc1ccccc1)c1nc2ccc3ncnc(Nc4ccc5c(c4)OCO5)c3c2s1,33.93,1
CHEMBL4100956,CC[C@@H](CO)Nc1ccc2ncc(-c3cccnc3)n2n1,870,1
CHEMBL4288045,COCCc1cc2cc(C(=O)Nc3cc(C(=O)N[C@H](CCN)c4ccccc4)ccc3Cl)c(=O)[nH]c2cc1OC,5,1
CHEMBL512658,COc1cc(/C=C2\C(=O)NN(c3ccc(Cl)c(Cl)c3)C2=O)cc(OC)c1,20000,0
CHEMBL4066607,c1ccc2c(-c3c[nH]c4cnccc34)ccnc2c1,277,1
CHEMBL3885482,N#Cc1cc2ccccn2c2nc3ccccc3c1-2,100000000,0
CHEMBL3884845,COc1ccc2c(c1)[nH]c1c3ccncc3cc(CN(C)C)c21,670,1
CHEMBL3092861,NCCOCCOCCO,100000000,0
CHEMBL3133762,Nc1nccc(-c2cn(C(=O)N3CCOCC3)c3ccc(Br)cc23)n1,500,1
CHEMBL3609657,O=C(Nc1cnccn1)Nc1cccc2c1[C@@H]1C[C@H](O)CCN1C2=O,100000000,0
CHEMBL4081668,O=Cc1cccc(-c2cnc3ccc(F)nn23)c1,3100,0
CHEMBL2386745,COC(=N)c1nc2ccc3ncnc(Nc4ccc(F)cc4OC)c3c2s1,0.36,1
CHEMBL1397997,Cn1ncc2ccc(-c3ccc4ncnc(NCc5cccs5)c4c3)cc21,100000000,0
CHEMBL4065388,Nc1nccc(-c2c[nH]c3cc(Cl)ccc23)n1,406,1
CHEMBL3913247,N=C(NCc1ccc(F)cc1)c1nc2ccc3ncnc(Nc4ccc(Br)cc4F)c3c2s1,5500,0
CHEMBL3954779,C#Cc1cccc(Nc2ncnc3ccc4nc(C(=N)OC)sc4c23)c1,40.76,1
CHEMBL4066450,COc1ccc2c(c1)[nH]c1c(CO)nccc12,80.4,1
CHEMBL3094436,NCCC(NC(=O)c1ccc(Cl)c(NC(=O)c2cc3cnc(N4CCC(N)CC4)nc3[nH]c2=O)c1)c1ccccc1,9,1
CHEMBL48082,Nc1nccc(-c2c[nH]c3ccccc23)n1,588,1
CHEMBL469770,COc1ccc(/C=C2\C(=O)NN(c3ccc(F)cc3)C2=O)cc1O,30000,0
CHEMBL4102344,C[C@@H](c1ccc(F)cc1)n1nnc2cnc3ccc(Br)cc3c21,100000000,0
CHEMBL2295948,CCC[C@H](O)Nc1nc(Nc2ccc(-c3ncccn3)cc2)c2ncn(C(C)C)c2n1,650,1
CHEMBL3902603,COc1ccc(-c2cn3cc(Cl)ccc3n2)cc1,100000000,0
CHEMBL2314465,CC(C)[C@@H](CO)Nc1nc(Nc2ccncc2)c2ncn(C(C)C)c2n1,900,1
CHEMBL3885431,COc1cccc2c1[nH]c1c3ccncc3cc(C#N)c21,27,1
CHEMBL4102871,CC(=O)Nc1cccc(Nc2ccc3ncc(-c4cccc(NC(C)=O)c4)n3n2)c1,63,1
CHEMBL3957926,COc1ccc(-c2cn3cc(Cl)ccc3n2)cc1O,100000000,0
CHEMBL469347,COc1ccc(/C=C2\C(=O)NN(c3ccc(Cl)c(Cl)c3)C2=O)cc1O,100000000,0
CHEMBL2392229,Clc1ccc(CNc2cc(-c3ccc4c(c3)OCO4)ncn2)cc1,9230,0
CHEMBL4100703,C[C@@H](c1ccc(F)cc1)n1nnc2cnc3ccc(-c4ccc(C(N)=O)cc4)cc3c21,100000000,0
CHEMBL3960099,COC(=N)c1nc2ccc3ncnc(Nc4cc(OC)cc(OC)c4)c3c2s1,298.9,1
CHEMBL4083948,CCOC(=O)Nc1ccc2ncc(-c3cccnc3)n2n1,100000000,0
CHEMBL3883356,N#C/C(=C/c1cccnc1)c1c[nH]c2ccccc12,100000000,0
CHEMBL1898211,Clc1ccc(CNc2ccnc(-c3ccc4[nH]ncc4c3)n2)cc1Cl,3491,0
CHEMBL3589670,O=C(O)c1nc2ccc(I)cc2c2[nH]c3c(F)cccc3c12,10000,0
CHEMBL4099677,Fc1ccc2ncc(-c3cccc(C(F)(F)F)c3)n2n1,4200,0
CHEMBL2386767,COC(=N)c1nc2ccc3ncnc(Nc4ccc(C(C)(C)C)cc4)c3c2s1,39.03,1
CHEMBL3986079,CN1C(=O)[C@H]2CCC[C@H]2N(C2CCCC2)c2nc(Nc3ccc(C(N)=O)cc3)ncc21,4200,0
CHEMBL4062568,COc1ccc2ncc(-c3ccnc([S+](C)O)n3)n2n1,5100,0
CHEMBL3297830,Cn1c2c(O)cccc2c(=O)c2c3c(c4c(c21)C=CC(C)(C)O4)C=C(O)C(C)(C)O3,100000000,0
CHEMBL2180850,O=C(Nc1ccc2cccc(O)c2n1)Nc1cccc2c1C1CCCCN1C2=O,100000000,0
CHEMBL4090889,COc1cccc2c(-c3ccnc(N)n3)c[nH]c12,242,1
CHEMBL2180859,O=C(Nc1cccc(N2CCCCC2)n1)Nc1cccc2c1C1CCCCN1C2=O,100000000,0
CHEMBL3589654,CC(C)(C)c1ccc2[nH]c3c4ccccc4nc(C(=O)O)c3c2c1,100000000,0
CHEMBL2234220,CCOC(=O)c1[nH]nc(-c2ccc(Cl)cc2)c1N,100000000,0
CHEMBL3092863,NCCOCCOCCOCCOc1ccc(NC2=N/C(=C\c3ccc4c(c3)OCO4)C(=O)N2)cc1,28,1
CHEMBL3094438,Cc1ncc2cc(C(=O)Nc3cc(C(=O)NC(CCN)c4ccccc4)ccc3Cl)c(=O)[nH]c2n1,37,1
CHEMBL4442374,COC(=O)C(C)CCn1c2cc(OC)ccc2c2ccnc(C)c21,19,1
CHEMBL4086890,Cc1ccc([C@H](C)n2nnc3cnc4ccc(-c5ccnc(C)c5)cc4c32)cc1,1337,0
CHEMBL4091127,COc1ccc2ncc(/C=C/c3cccc(C(F)(F)F)c3)n2n1,100000000,0
CHEMBL4283503,O=C(Nc1cncc(-c2cc(-c3cccnc3)cs2)c1)C1CC1,23.1,1
CHEMBL2295956,CC(C)CC[C@H](O)Nc1nc(Nc2ccc(-c3cncnc3)cc2)c2ncn(C(C)C)c2n1,1100,0
CHEMBL1884711,c1cncc(CNc2ccnc(-c3ccc4[nH]ncc4c3)n2)c1,499.5,1
CHEMBL4286821,O=C(Nc1cncc(-c2cc(-c3cccnc3)cs2)c1)c1ccncc1,107,1
CHEMBL469346,O=C1NN(c2ccc(Cl)c(Cl)c2)C(=O)/C1=C/c1ccccc1Cl,20000,0
CHEMBL4456985,COC(=O)CCCn1c2cc(OC)ccc2c2ccnc(C)c21,27,1
CHEMBL3094448,COc1ncc2cc(C(=O)Nc3cc(C(=O)NCc4cccc(Cl)c4)ccc3Cl)c(=O)[nH]c2n1,22,1
CHEMBL4164814,NS(=O)(=O)c1ccc(-c2cnc3[nH]cc(-c4cccnc4)c3c2)cc1,216,1
CHEMBL2152265,Nc1cccc(-c2cnc3[nH]cc(-c4cccnc4)c3c2)c1,329,1
CHEMBL1762116,O=C1C(c2ccc(O)cc2O)=CC(=O)c2c(O)cccc21,21000,0
CHEMBL2314473,CC[C@H](CO)Nc1nc(Nc2cccnc2)c2ncn(C(C)C)c2n1,1000,1
CHEMBL2386744,COC(=N)c1nc2ccc3ncnc(Nc4ccc(Br)cc4F)c3c2s1,1.88,1
CHEMBL566062,c1coc(-c2ccc3ncnc(NCc4cccs4)c3c2)c1,3480,0
CHEMBL2386765,COC(=N)c1nc2ccc3ncnc(Nc4ccc(F)cc4)c3c2s1,6.06,1
CHEMBL470851,COc1ccccc1/C=C1\C(=O)NN(c2ccc(C#N)cc2)C1=O,40000,0
CHEMBL3219063,COc1ccc2[nH]c(-c3cc(O)cc(O)c3)c(-c3ccncc3)c2n1,100000000,0
CHEMBL4084955,c1cc(-c2c[nH]c3cnccc23)ccn1,1,1
CHEMBL4082981,CC[C@@H](CO)Nc1ccc2ncc(-c3cc4cc(Br)ccc4[nH]3)n2n1,710,1
CHEMBL3774696,O=C1OCC/C1=C\c1ccc2c(c1)OCCO2,880,1
CHEMBL4634969,CC(C)Cn1cc(-c2ccncc2)c2ccncc21,43,1
CHEMBL3785795,COc1cc(NC(=O)Nc2cccc3c2C2CCCCN2C3=O)nc2ccccc12,100000000,0
CHEMBL2180862,O=C(Nc1ccccn1)Nc1cccc2c1C1CCCCN1C2=O,100000000,0
CHEMBL4568087,Cn1cc(-c2cnc3c(-c4csc(C(=O)N[C@@H]5CCCC[C@@H]5N)c4)cnn3c2)cn1,3.2,1
CHEMBL2386758,COC(=N)c1nc2ccc3ncnc(Nc4cc(OC)c(OC)c(OC)c4)c3c2s1,436.1,1
CHEMBL1396483,CN(Cc1nccs1)c1ncnc2ccc(-c3ccc4c(c3)OCO4)cc12,51,1
CHEMBL2314445,CC(C)n1cnc2c(Nc3cncnc3)nc(C(C)(C)CO)nc21,2500,0
CHEMBL4290223,O=C(Nc1cncc(-c2cc(-c3cccnc3)cs2)c1)c1ccccc1F,106.7,1
CHEMBL3884241,N#C/C(=C\c1ccccn1)c1c[nH]c2ccccc12,100000000,0
CHEMBL2392238,Cc1ccc(CNc2ccnc(-c3ccc4c(c3)OCO4)n2)cn1,29200,0
CHEMBL3589672,O=C(O)c1nc2ccc(I)cc2c2[nH]c3c(Br)cccc3c12,120,1
CHEMBL3338885,COc1ccc2[nH]c3c(=O)[nH]nc(-c4ccccc4)c3c2c1,100000000,0
CHEMBL3094452,COc1ncc2cc(C(=O)Nc3cc(C(=O)NCc4ccsc4)ccc3Cl)c(=O)[nH]c2n1,30,1
CHEMBL4552025,COc1ccc2c3ccnc(C)c3n(CCCN(C)C(C)=O)c2c1,98,1
CHEMBL4063617,C[C@@H](c1ccc(F)cc1)n1nnc2cnc3ccc(-c4cnn(C)c4)cc3c21,3356,0
CHEMBL2314447,CC(C)[C@H](CO)Nc1nc(Nc2cncnc2)c2ncn(C(C)C)c2n1,300,1
CHEMBL4649473,CC1(C)CN(C(=O)Nc2cc(-c3cn(C4CCOCC4)c4cnccc34)ccn2)C1,11.6,1
CHEMBL189657,CCn1c(-c2nonc2N)nc2cnccc21,110,1
CHEMBL2314441,CC(C)[C@H](CO)Nc1cncc(Nc2nc3cncnc3n2C(C)C)n1,300,1
CHEMBL4291088,CN1C(=O)/C(=C\c2ccc3c(c2)OCO3)N=C1N,420000,0
CHEMBL2234219,CCOC(=O)c1[nH]nc(-c2ccc(Cl)cc2)c1/N=N/c1ccccc1,100000000,0
CHEMBL4284572,NCC(Nc1nccc(-c2n[nH]c3nc(NCCN4CCOCC4)ncc23)n1)c1ccccc1,5.9,1
CHEMBL4105239,O=C(Nc1cccc(O)c1)c1cnc2[nH]cc(-c3ccc(O)cc3)c2c1,127,1
CHEMBL3786536,Cc1cnc(NC(=O)Nc2cccc3c2C2CCCCN2C3=O)cn1,100000000,0
CHEMBL512149,O=C1NN(c2ccc(Cl)c(Cl)c2)C(=O)/C1=C/c1cccc(Cl)c1Cl,15000,0
CHEMBL359554,c1ccc(Nc2nccc(-c3cnn4ncccc34)n2)cc1,38,1
CHEMBL3335360,N#Cc1cccc(C(=O)c2cc3cc(O)ccc3s2)c1,6000,0
CHEMBL2386756,CN(C)CCNC(=N)c1nc2ccc3ncnc(Nc4ccc5c(c4)OCO5)c3c2s1,431.2,1
CHEMBL86771,Nc1ccc(N)c2c1C(=O)c1ccccc1C2=O,3600,0
CHEMBL1612677,Cc1ccsc1CN(C)c1ncnc2ccc(-c3ccoc3)cc12,1136,0
CHEMBL4069158,CSc1ccc2ncc(-c3cccc(C(F)(F)F)c3)n2n1,1000,1
CHEMBL2295941,CC(C)CC[C@H](O)Nc1nc(Nc2cccc(-c3ncccn3)c2)c2ncn(C(C)C)c2n1,710,1
CHEMBL2180843,O=C(Nc1ccc(-c2ccccc2)cn1)Nc1cccc2c1C1CCCCN1C2=O,100000000,0
CHEMBL2180844,O=C(Nc1cccc2c1C1CCCCN1C2=O)Nc1ncccc1O,1800,0
CHEMBL3787081,COCc1ccnc(NC(=O)Nc2cccc3c2C2CCCCN2C3=O)c1,4700,0
CHEMBL4563765,COc1ccc2c3ccnc(C)c3n(CCCCC(N)=O)c2c1,83.5,1
CHEMBL4514653,COC(=O)CCn1c2cc(OC)ccc2c2ccnc(C)c21,56,1
CHEMBL3094450,COc1ncc2cc(C(=O)Nc3cc(C(=O)N(C)Cc4cccc(Cl)c4)ccc3Cl)c(=O)[nH]c2n1,305,1
CHEMBL3903644,NC(=O)c1cc(-c2cn3cc(N)ccc3n2)ccc1O,100000000,0
CHEMBL566900,c1nc(NCc2ccoc2)c2cc(-c3ccc4c(c3)OCO4)ccc2n1,126,1
CHEMBL3335358,O=C(c1cc2cc(O)ccc2s1)c1cc(O)ccc1F,2000,0
CHEMBL4293650,COc1cc(-c2cc(=O)c3c(O)cc(O)c(C/C=C(\C)CCC=C(C)C)c3o2)ccc1O,620,1
CHEMBL3609746,O=C(Nc1ccc(Br)cn1)Nc1cccc2c1C1CC3(CCN1C2=O)SCCS3,100000000,0
CHEMBL2180852,O=C(Nc1cccc(Br)n1)Nc1cccc2c1C1CCCCN1C2=O,3400,0
CHEMBL4291029,COc1ccc2c3ccnc(C)c3n(CC#N)c2c1,81,1
CHEMBL4647659,CC(C)Oc1ccc(F)c(-c2cnc(N)c(C(=O)Nc3cnccc3N3CCC[C@@H](C(=O)O)C3)n2)c1,6,1
CHEMBL2089036,CC(C)[C@H](N)C(=O)OC[C@H](O)CNc1nc(NCc2ccc(-c3ccccn3)cc2)c2ncn(C(C)C)c2n1,1100,0
CHEMBL2314459,CC(C)[C@@H](CO)Nc1nc(Nc2ncccn2)c2ncn(C(C)C)c2n1,7000,0
CHEMBL4285776,Cc1cc(=O)oc2cc3cc(O)ccc3cc12,600,1
CHEMBL3774448,O=C1NC(=S)S/C1=C\c1ccc2ncccc2c1,710,1
CHEMBL2311568,CC(C)n1c(C(CO)CO)nc2c(Nc3ccnnc3)ncnc21,1000,1
CHEMBL2314469,CC(C)n1cnc2c(Nc3ccncc3)nc(Cl)nc21,3900,0
CHEMBL4095156,COc1cc(-c2c[nH]c3cnccc23)ccn1,351,1
CHEMBL3753970,COc1ccc2c(/C(C#N)=C/c3cccnc3)c[nH]c2c1,1600,0
CHEMBL2314457,CC[C@@H](CO)Nc1nc(Nc2ccncn2)c2ncn(C(C)C)c2n1,2800,0
CHEMBL1535925,CCOC(=O)c1ccc(-c2ccc3ncnc(NCc4cccs4)c3c2)o1,1437,0
CHEMBL3883458,N#Cc1cc2cnccc2c2[nH]c3ccc(Cl)cc3c12,4000,0
CHEMBL1236620,CCOC(=O)c1c(/C(C#N)=C\N)c2ccc(Cl)c(Cl)c2n1C,55,1
CHEMBL4542402,N#Cc1c[nH]c2c(Cl)cccc12,3300,0
CHEMBL4292442,Cn1cc(-c2csc(-c3cncc(NC(=O)C4CC4)c3)c2)cn1,42.6,1
CHEMBL1331525,c1cncc(CNc2ncncc2-c2ccc3c(c2)OCO3)c1,26020,0
CHEMBL99203,Nc1ncnc2c1c(I)cn2[C@@H]1O[C@H](CO)[C@@H](O)[C@H]1O,71,1
CHEMBL2386769,COC(=N)c1nc2ccc3ncnc(Nc4ccc(C(F)(F)F)cc4)c3c2s1,18.26,1
CHEMBL4164848,COc1ccc2c(c1)[nH]c1c(N3CCCCC3)nccc12,1500,0
CHEMBL3609667,COc1cc(NC(=O)Nc2cccc3c2[C@@H]2C[C@H](O)CCN2C3=O)nc2ccccc12,100000000,0
CHEMBL3335365,COc1ccc2sc(C(=O)N(C)OC)cc2c1,900,1
CHEMBL4074685,Nc1cc(-c2c[nH]c3cnccc23)ccn1,2024,0
CHEMBL3753668,N#C/C(=C\c1cccnc1)c1c[nH]c2ncccc12,21,1
CHEMBL3103192,CC(=O)Nc1cc(Nc2cc(NC3CC3)n3ncc(C#N)c3n2)ccc1N(C)CCN,40,1
CHEMBL3219057,COc1ccc2[nH]c(-c3ccccc3)c(-c3ccncc3)c2n1,1300,0
CHEMBL1868723,FC(F)(F)c1cccc(Nc2nccc(-c3ccc4c(c3)OCO4)n2)c1,40,1
CHEMBL3774667,COc1ccc(/C=C2\NC(=O)SC2=O)cc1,1300,0
CHEMBL3935442,NC(=O)c1cc(-c2cn3ccccc3n2)ccc1O,4000,0
CHEMBL1957115,COc1ccc2c(c1)[nH]c1c(C(C)=O)nccc12,66.7,1
CHEMBL409450,O=C1Nc2cc(Br)ccc2/C1=C1/Nc2ccccc2/C1=N\O,52,1
CHEMBL3589674,COc1cccc(-c2ccc3nc(C(=O)O)c4c5cccc(Cl)c5[nH]c4c3c2)c1,41,1
CHEMBL3885021,COc1ccc2[nH]cc3c2c1C(C)NC(c1cccnc1)=C3C#N,5000,0
CHEMBL3092860,O=C1NC(Nc2ccccc2)=N/C1=C\c1ccccc1,100000000,0
CHEMBL2295953,CCC[C@H](O)Nc1nc(Nc2ccc(-c3cncnc3)cc2)c2ncn(C(C)C)c2n1,1200,0
CHEMBL2295954,CC(C)C[C@@H](O)Nc1nc(Nc2ccc(-c3cncnc3)cc2)c2ncn(C(C)C)c2n1,510,1
CHEMBL3787480,Cc1ccnc(NC(=O)Nc2cccc3c2C2CCCCN2C3=O)c1,100000000,0
CHEMBL1436125,c1ccc(CNc2ccnc(-c3ccc4c(c3)OCO4)n2)cc1,26000,0
CHEMBL1405981,Clc1ccccc1-c1ccc2ncnc(NCc3cccs3)c2c1,9012,0
CHEMBL2392237,Brc1cncc(CNc2ccnc(-c3ccc4c(c3)OCO4)n2)c1,26000,0
CHEMBL3609675,CO[C@@H]1CCN2C(=O)c3cccc(NC(=O)Nc4cnc(C)cn4)c3[C@@H]2C1,100000000,0
CHEMBL2314476,CC(C)[C@H](CO)Nc1nc(Nc2ccccn2)c2ncn(C(C)C)c2n1,2000,0
CHEMBL4081470,C[C@@H](c1ccc(F)cc1)n1nnc2cnc3ccc(-c4ccncc4)cc3c21,1139,0
CHEMBL2180851,O=C(Nc1cc(O)c2ccccc2n1)Nc1cccc2c1C1CCCCN1C2=O,5600,0
CHEMBL3885316,COc1ccc2c(n1)[nH]c1c3ccncc3cc(C#N)c21,200,1
CHEMBL2314444,CC(C)n1c(C(CO)CO)nc2c(Nc3cncnc3)ncnc21,1900,0
CHEMBL4072506,COc1ccc2ncc(-c3cccc(/C=N/O)c3)n2n1,33,1
CHEMBL3219061,COc1ccc2[nH]c(-c3cccc(F)c3)c(-c3ccncc3)c2n1,1800,0
CHEMBL1407164,c1c[nH]c(CNc2ncnc3ccc(-c4ccc5c(c4)OCO5)cc23)n1,155,1
CHEMBL4070354,O=C(Nc1ccc(O)cc1)c1c[nH]c2ncc(-c3ccc(O)cc3)cc12,100000000,0
CHEMBL2180855,O=C(Nc1cccc(F)n1)Nc1cccc2c1C1CCCCN1C2=O,3500,0
CHEMBL1318637,Cc1ccsc1CN(C)c1ncnc2ccc(-c3ccc4c(c3)OCO4)cc12,260,1
CHEMBL4438748,CN(C)c1ccc(C(=O)Nc2cccc(NC(=O)COc3ccc4c(=O)ccoc4c3)c2)cc1,100000000,0
CHEMBL2392359,COc1ccc(-c2ccnc(NCc3ccc(Cl)cc3)n2)cc1,1314,0
CHEMBL2386764,COC(=N)c1nc2ccc3ncnc(Nc4ccc(C)cc4)c3c2s1,0.98,1
CHEMBL3094445,CNC(=O)c1ccc(Cl)c(NC(=O)c2cc3cnc(OC)nc3[nH]c2=O)c1,107,1
CHEMBL562396,Cn1nc(N)c2cc(C#N)c(N)nc21,100000000,0
CHEMBL2392364,Clc1cc(Cl)cc(CNc2nccc(-c3ccc4c(c3)OCO4)n2)c1,27,1
CHEMBL2386761,COC(=N)c1nc2ccc3ncnc(Nc4ccc(OC)cc4)c3c2s1,13.08,1
CHEMBL359794,N#Cc1ccc(Nc2nccc(-c3cnn4ncccc34)n2)cc1,103,1
CHEMBL3903725,Nc1ccc(-c2ccc3ncc4c(=O)[nH]c(=O)n(-c5cccc(C(F)(F)F)c5)c4c3n2)cn1,100000000,0
CHEMBL319467,NS(=O)(=O)c1ccc(Nc2nc(OCC3CCCCC3)c3nc[nH]c3n2)cc1,900,1
CHEMBL2180848,O=C(Nc1nc2ccccc2s1)Nc1cccc2c1C1CCCCN1C2=O,100000000,0
CHEMBL4281037,Nc1cncc(-c2cc(-c3cccnc3)cs2)c1,101,1
CHEMBL2392388,Clc1ccc(CNc2ccnc(-c3cccnc3)n2)cc1,29200,0
CHEMBL1933806,CC(=O)Nc1cc(-c2ccc([N+](=O)[O-])cc2)n[nH]1,23710,0
CHEMBL4171209,O=C(NCCN1CCOCC1)Nc1cccc(-c2ccc3nc(NC(=O)C4CC4)sc3n2)c1,3500,0
CHEMBL2314479,CC(C)n1cnc2c(Nc3ccccn3)nc(Cl)nc21,3800,0
CHEMBL3589774,O=C(O)c1nc2ccsc2c2[nH]c3c(Cl)cccc3c12,170,1
CHEMBL4068096,COc1cccc2c(-c3ccnc(N)c3)c[nH]c12,2142,0
CHEMBL3589657,Cc1ccc2[nH]c3c4ccccc4nc(C(=O)O)c3c2c1,100000000,0
CHEMBL2314438,CC(C)n1cnc2c(Nc3ccnnc3)nc(Cl)nc21,3400,0
CHEMBL4088888,CS(=O)(=O)Nc1ccc(-c2cnc3[nH]cc(-c4ccc(O)cc4)c3c2)cc1,56,1
CHEMBL4087260,Nc1ccc(Cl)cc1-c1cnc2ccc(Cl)nn12,14000,0
CHEMBL1933802,COc1ccc2c(c1)CCc1sc(NC(=O)c3ccc(OC)c(OC)c3)nc1-2,24740,0
CHEMBL3589668,O=C(O)c1nc2cc(Cl)ccc2c2[nH]c3c(Cl)cccc3c12,2300,0
CHEMBL3335361,O=C(c1ccccc1)c1cc2cc(O)ccc2s1,2000,0
CHEMBL3609665,COc1cc(NC(=O)Nc2cccc3c2[C@@H]2C[C@H](OC)CCN2C3=O)nc2ccccc12,100000000,0
CHEMBL2314478,CC[C@H](CO)Nc1nc(Nc2ccccn2)c2ncn(C(C)C)c2n1,3300,0
CHEMBL3609654,O=C(Nc1cnccn1)Nc1cccc2c1C1CC3(CCN1C2=O)SCCS3,100000000,0
CHEMBL3609569,O=C(Nc1cnccn1)Nc1cccc2c1C1CC3(CCN1C2=O)OCCO3,93000,0
CHEMBL1435542,Cc1nc(CNc2ncnc3ccc(-c4ccc5c(c4)OCO5)cc23)cs1,206,1
CHEMBL4098364,COc1ccc2c(-c3ccnc(N)c3)c[nH]c2c1,2904,0
CHEMBL4079347,COc1ccc2ncc(-c3ccc4[nH]ccc4c3)n2n1,470,1
CHEMBL1474834,Cc1nc(CN(C)c2ncnc3ccc(-c4ccc5c(c4)OCO5)cc23)cs1,14,1
CHEMBL3589664,COc1ccc2c(c1)nc(C(=O)O)c1c3cccc(F)c3[nH]c21,320,1
CHEMBL4089542,Nc1cccc(-c2cnc3ccc(Cl)nn23)c1,9400,0
CHEMBL470411,O=C1NN(c2ccc(Cl)c(Cl)c2)C(=O)/C1=C/c1cc(O)cc(O)c1,100000000,0
CHEMBL3092862,NCCOCCOCCOc1ccc(NC2=N/C(=C\c3ccc4c(c3)OCO4)C(=O)N2)cc1,50,1
CHEMBL4096379,Cc1cc(-c2ccc3ncc4nnn(Cc5ccc(F)cc5)c4c3c2)ccn1,107,1
CHEMBL4092047,CC[C@@H](CO)Nc1ccc2ncc(-c3ccnc(SC)n3)n2n1,1700,0
CHEMBL3785408,Cc1cccc(NC(=O)Nc2cccc3c2C2CCCCN2C3=O)n1,2200,0
CHEMBL301226,COc1ccc(-c2c3c4cc(OC)c(O)cc4oc(=O)c3n3ccc4cc(O)c(OC)cc4c23)cc1O,35,1
CHEMBL2234212,CCOc1ccc(S(=O)(=O)N2CCOCC2)cc1-c1nc2ncccc2c(=O)[nH]1,100000000,0
CHEMBL3745885,Cn1c(=O)c(S(=O)(=O)c2ccc(F)cc2F)cc2cnc(Nc3ccc4[nH]ccc4c3)nc21,100000000,0
CHEMBL4092673,CC[C@@H](CO)N(C(C)=O)c1ccc2ncc(-c3cccc(NC(C)=O)c3)n2n1,190,1
CHEMBL452220,CC1(C)C=Cc2c(cc(O)c3c(=O)c4cccc(O)c4[nH]c23)O1,2200,0
CHEMBL3785575,Cc1ccc(NC(=O)Nc2cccc3c2C2CCCCN2C3=O)nc1,100000000,0
CHEMBL1725513,c1coc(CNc2ncnc3ccc(-c4ccc5c(c4)OCO5)cc23)c1,84,1
CHEMBL4575812,COc1ccc2c3ccnc(C)c3n(CCC(C)C(N)=O)c2c1,13.9,1
CHEMBL4103831,Nc1cc(-c2c[nH]c3cc(C(F)(F)F)ccc23)ccn1,4335,0
CHEMBL4095479,COc1ccc2c(-c3ccnc(N)n3)c[nH]c2c1,443,1
CHEMBL4575900,Cc1nc2ccc(-c3cc(N)nc(N)c3)nc2n1C[C@@H](C)Oc1ccccc1,10,1
CHEMBL3609672,Cn1ccc(NC(=O)Nc2cccc3c2C2CC4(CCN2C3=O)SCCS4)n1,100000000,0
CHEMBL2314449,CC[C@H](CO)Nc1nc(Nc2cncnc2)c2ncn(C(C)C)c2n1,280,1
CHEMBL3786430,O=C(Nc1cc(CN2CCCCC2)ccn1)Nc1cccc2c1C1CCCCN1C2=O,3600,0
CHEMBL469775,O=C1NN(c2ccc(Cl)c(Cl)c2)C(=O)/C1=C/c1ccccc1,100000000,0
CHEMBL3787061,O=C(Nc1cccc(CN2CCCC2)n1)Nc1cccc2c1C1CCCCN1C2=O,100000000,0
CHEMBL3589675,COc1ccc(-c2ccc3nc(C(=O)O)c4c5cccc(Cl)c5[nH]c4c3c2)cc1,56,1
CHEMBL4067420,COc1ccc2ncc(-c3ccnc(SC)n3)n2n1,930,1
CHEMBL2314470,CC(C)[C@@H](CO)Nc1nc(Nc2cccnc2)c2ncn(C(C)C)c2n1,400,1
CHEMBL2295949,CC(C)C[C@@H](O)Nc1nc(Nc2ccc(-c3ncccn3)cc2)c2ncn(C(C)C)c2n1,500,1
CHEMBL3911609,COc1cc(OC)cc(-c2cn3cc(Cl)ccc3n2)c1,100000000,0
CHEMBL3753955,N#C/C(=C\c1cccnc1)c1c[nH]c2ccccc12,5500,0
CHEMBL3786624,O=Cc1cccc(NC(=O)Nc2cccc3c2C2CCCCN2C3=O)n1,2800,0
CHEMBL2234213,CCOc1ccc(S(=O)(=O)N2CCN(c3ccccc3)CC2)cc1-c1nc2ncccc2c(=O)[nH]1,100000000,0
CHEMBL2386762,COC(=N)c1nc2ccc3ncnc(Nc4ccc(Cl)cc4)c3c2s1,1.13,1
CHEMBL3884570,COc1ccc2c(/C(C#N)=C/c3cccnc3)c[nH]c2n1,180,1
CHEMBL4070065,FC(F)(F)c1cccc(-c2cnc3ccc(Cl)nn23)c1,7800,0
CHEMBL3094451,COc1ncc2cc(C(=O)Nc3cc(C(=O)NCc4cccs4)ccc3Cl)c(=O)[nH]c2n1,41,1
CHEMBL2425487,COc1cc(C)c(-c2c3c4cc(OC)c(O)cc4oc(=O)c3n3ccc4cc(O)c(OC)cc4c23)cc1O,241,1
CHEMBL4101902,Cn1nc(-c2cnc(N)c(-c3ccc(C(N)=O)c(F)c3)n2)nc1C1(c2ccccc2)CC1,140,1
CHEMBL472491,COc1cc(/C=C2\C(=O)NN(c3ccc(F)cc3)C2=O)ccc1O,2500,0
CHEMBL2295951,CC(C)n1cnc2c(Nc3ccc(-c4cncnc4)cc3)nc(Cl)nc21,3200,0
CHEMBL4071013,OCCN1CCN(c2ccc3ncc(-c4cccc(Cl)c4)n3n2)CC1,510,1
CHEMBL472499,COc1ccccc1/C=C1\C(=O)NN(c2ccc(Cl)c(Cl)c2)C1=O,100000000,0
CHEMBL1898197,Clc1ccc(CNc2nccc(-c3ccc4c(c3)OCO4)n2)cc1Cl,93,1
CHEMBL2386759,NC(=O)c1nc2ccc3ncnc(Nc4ccc(F)cc4Br)c3c2s1,26.2,1
CHEMBL4093104,CC[C@@H](CO)Nc1ccc2ncc(-c3cccc(C=O)c3)n2n1,79,1
CHEMBL3893495,COC(=O)c1nc2ccc3ncnc(Nc4ccc5c(c4)OCO5)c3c2s1,500,1
CHEMBL559608,CC(=O)Nc1nc2nn(-c3ccccc3)c(NC(C)=O)c2cc1C#N,100000000,0
CHEMBL3589667,COc1ccc2c(c1)nc(C(=O)O)c1c3cccc(I)c3[nH]c21,22,1
CHEMBL2180864,O=C(Nc1ncccn1)Nc1cccc2c1C1CCCCN1C2=O,100000000,0
CHEMBL3975006,CCN(CC)CCNC(=N)c1nc2ccc3ncnc(Nc4ccc(OC)cc4)c3c2s1,5500,0
CHEMBL2180868,O=C(Nc1csc(-c2ccncc2)n1)Nc1cccc2c1C1CCCCN1C2=O,2400,0
CHEMBL1410859,c1csc(CNc2ncnc3ccc(-c4ccoc4)cc23)c1,1262,0
CHEMBL4089652,CC[C@@H](CO)Nc1ccc2ncc(-c3cccc(SC)c3)n2n1,120,1
CHEMBL2164712,Cc1nccc2c3ccc(OCC4CCCCC4)cc3n(CC3CCCCC3)c12,100000000,0
CHEMBL1077347,N#Cc1c(N)cc2[nH]nc(N)c2c1-c1ccccc1,410,1
CHEMBL3921110,COC(=N)c1nc2ccc3ncnc(Nc4ccc(OC)c(OC)c4)c3c2s1,128.8,1
CHEMBL3884250,COc1cccc2[nH]c3c4ccncc4cc(C#N)c3c12,850,1
CHEMBL3786745,O=C(Nc1cccc(CN2CCCCC2)n1)Nc1cccc2c1C1CCCCN1C2=O,100000000,0
CHEMBL4071322,CCOC(=O)c1cccc(-c2cnc3ccc(N[C@@H](CC)CO)nn23)c1,57,1
CHEMBL3785573,O=C(Nc1cccc(CN2CCOCC2)n1)Nc1cccc2c1C1CCCCN1C2=O,100000000,0
CHEMBL3094449,COc1ncc2cc(C(=O)Nc3cc(C(=O)NCCc4cccc(Cl)c4)ccc3Cl)c(=O)[nH]c2n1,342,1
CHEMBL3883580,N#Cc1cc2ncccc2c2[nH]c3ccccc3c12,10000,0
CHEMBL4646866,Cc1cccc(Nc2nccc(-c3cnn4ncccc34)n2)c1,7,1
CHEMBL4088717,CC[C@@H](CO)Nc1ccc2ncc(-c3cccc(N)c3)n2n1,2500,0
CHEMBL3426272,Nc1nccc(-c2cn(S(=O)(=O)c3ccc(C(F)(F)F)cc3[N+](=O)[O-])c3ccc(Br)cc23)n1,530,1
CHEMBL3884015,N#Cc1cc2cnccc2c2[nH]c3ncccc3c12,440,1
CHEMBL3785571,Cc1cccnc1NC(=O)Nc1cccc2c1C1CCCCN1C2=O,4000,0
CHEMBL270722,Cc1cc(=O)oc2cc3c([N+](=O)[O-])c(O)ccc3cc12,15000,0
CHEMBL1552755,c1nc(NCC2CCCO2)c2cc(-c3ccc4c(c3)OCO4)ccc2n1,30,1
CHEMBL3609664,COc1cc(NC(=O)Nc2cccc3c2C2CC4(CCN2C3=O)SCCS4)nc2ccccc12,100000000,0
CHEMBL4075509,CCOC(=O)Nc1ccc2ncc(-c3cccc(Cl)c3)n2n1,420,1
CHEMBL4095674,c1cc(-c2cn(CCCN3CCOCC3)c3cnccc23)ccn1,109,1
CHEMBL2314460,CC(C)[C@H](CO)Nc1nc(Nc2ncccn2)c2ncn(C(C)C)c2n1,100000000,0
CHEMBL1515144,CCN(Cc1cccs1)c1ncnc2ccc(-c3ccc4c(c3)OCO4)cc12,38,1
CHEMBL14762,CC[C@H](CO)Nc1nc(NCc2ccccc2)c2ncn(C(C)C)c2n1,5566.67,0
CHEMBL4084919,CC[C@H](CO)/N=C/c1cccc(-c2cnc3ccc(N[C@H](CC)CO)nn23)c1,50,1
CHEMBL4641839,C[C@H]1CN(C(=O)Nc2cc(-c3cn(C4CCOCC4)c4cnccc34)ccn2)C[C@@H](C)O1,43.3,1
CHEMBL14285,Cc1nccc2c1[nH]c1cc(O)ccc12,90,1
CHEMBL2180845,O=C(Nc1ccc(O)cn1)Nc1cccc2c1C1CCCCN1C2=O,100000000,0
CHEMBL4638460,c1ccc(Cn2cc(-c3ccncc3)c3ccncc32)cc1,106,1
CHEMBL469348,COc1ccc(/C=C2\C(=O)NN(c3ccc(Cl)c(Cl)c3)C2=O)cc1OC,100000000,0
CHEMBL2314436,CC(C)[C@H](CO)Nc1nc(Nc2ccnnc2)c2ncn(C(C)C)c2n1,280,1
CHEMBL2295937,CC(C)C[C@@H](O)Nc1nc(Nc2cccc(-c3ncccn3)c2)c2ncn(C(C)C)c2n1,2000,0
CHEMBL3335366,O=C(c1cccc(O)c1)c1ccc2cc(O)ccc2c1,2900,0
CHEMBL3774736,COc1ccc(/C=C2\CCCOC2=O)cc1,1100,0
CHEMBL3883639,COc1ccc2[nH]c3c4ccncc4cc(C#N)c3c2c1,370,1
CHEMBL1396306,COc1cc2ncnc(N(C)Cc3cccs3)c2cc1-c1ccc2c(c1)OCO2,100000000,0
CHEMBL3906791,COC(=N)c1nc2ccc3ncnc(N(C)c4ccc(OC)cc4)c3c2s1,79.85,1
CHEMBL3338892,COc1ccc(Nc2cc(-c3ccco3)n[nH]c2=O)cc1,100000000,0
CHEMBL1396654,Cc1ccsc1CNc1ncnc2ccc(-c3ccc4c(c3)OCO4)cc12,35,1
CHEMBL4285678,C[C@]12O[C@H]([C@H](O)[C@H](O)[C@H]1O)n1c3ccccc3c3c4c(c5c6ccccc6n2c5c31)C(=O)NC4=O,4,1
CHEMBL4245507,O=C(Cc1cccc(OCCCN2CCNCC2)c1)Nc1nc(-c2ccncc2)cs1,100000000,0
CHEMBL3787584,CCN(CC)Cc1cccc(NC(=O)Nc2cccc3c2C2CCCCN2C3=O)n1,100000000,0
CHEMBL215652,CC(C)c1nnc2ccc(-c3ocnc3-c3ccc(F)cc3Cl)cn12,100000000,0
CHEMBL2392242,c1ncc(CNc2ccnc(-c3ccc4c(c3)OCO4)n2)cn1,26000,0
CHEMBL3900000,COC(=N)c1nc2ccc3ncnc(Nc4ccc(OC)c([N+](=O)[O-])c4)c3c2s1,123.5,1
CHEMBL4097256,FC(F)(F)c1cccc(/C=C/c2cnc3ccc(Cl)nn23)c1,8900,0
CHEMBL2392233,Clc1ccc(CNc2ccnc(-c3ccc4c(c3)OCO4)n2)cn1,29200,0
CHEMBL2392365,Brc1cc(Br)cc(CNc2nccc(-c3ccc4c(c3)OCO4)n2)c1,40.5,1
CHEMBL3775193,O=C1OCC/C1=C\c1ccc2c(c1)CCCO2,930,1
CHEMBL3219065,COc1ccc2[nH]c(-c3cccc(O)c3)c(-c3ccccn3)c2n1,100000000,0
CHEMBL2180846,Cc1cc(NC(=O)Nc2cccc3c2C2CCCCN2C3=O)no1,100000000,0
CHEMBL3219058,COc1ccc2[nH]c(-c3ccccc3O)c(-c3ccncc3)c2n1,230,1
CHEMBL4069124,Cc1cc(-c2ccc3ncc4nnn(C(C)C)c4c3c2)ccn1,404,1
CHEMBL4294049,COc1ccc(C(=O)Nc2cncc(-c3cc(-c4cccnc4)cs3)c2)c(F)c1,37.3,1
CHEMBL3775754,O=C1NC(=S)N/C1=C\c1ccc2ncsc2c1,700,1
CHEMBL3885092,N#C/C(=C\c1ccncc1)c1c[nH]c2ccccc12,100000000,0
CHEMBL470817,COc1ccccc1/C=C1\C(=O)NN(c2ccc(F)cc2)C1=O,100000000,0
CHEMBL3094460,COc1ncc2cc(C(=O)Nc3cc(C(=O)N[C@H](CCN)c4ccccc4)ccc3Cl)c(=O)[nH]c2n1,9,1
CHEMBL2392222,Fc1cc(CNc2ccnc(-c3ccc4c(c3)OCO4)n2)ccc1Cl,14600,0
CHEMBL4072220,COc1ccc(-c2ccc3ncc4nnn([C@@H](C)c5ccc(F)cc5)c4c3c2)cc1,100000000,0
CHEMBL3338887,COc1ccc2[nH]c3c(=O)[nH]nc(-c4ccc(C(F)(F)F)cc4)c3c2c1,100000000,0
CHEMBL213451,CCNc1nnc2ccc(-c3ocnc3-c3ccc(F)cc3)cn12,100000000,0
CHEMBL3787512,O=C(Nc1cc(CO)ccn1)Nc1cccc2c1C1CCCCN1C2=O,4600,0
CHEMBL6246,O=c1oc2c(O)c(O)cc3c(=O)oc4c(O)c(O)cc1c4c23,100000000,0
CHEMBL2392232,Fc1ccc(CNc2ccnc(-c3ccc4c(c3)OCO4)n2)cn1,32800,0
CHEMBL2295950,CC(C)C[C@H](O)Nc1nc(Nc2ccc(-c3ncccn3)cc2)c2ncn(C(C)C)c2n1,800,1
CHEMBL3219059,COc1ccc2[nH]c(-c3cccc(O)c3)c(-c3ccncc3)c2n1,700,1
CHEMBL552925,N#Cc1c(N2CCOCC2)nc2[nH]nc(N)c2c1-c1ccccc1,100000000,0
CHEMBL3885335,COc1ccc2[nH]cc(-c3cc4cnccc4cc3NC(C)=O)c2c1,850,1
CHEMBL2392379,COc1cccc(-c2nccc(NCc3ccc(C)cc3)n2)c1,65400,0
CHEMBL2314472,CC[C@@H](CO)Nc1nc(Nc2cccnc2)c2ncn(C(C)C)c2n1,1100,0
CHEMBL3884764,COc1ccc2[nH]cc(/C(C#N)=C(\N)c3cccnc3)c2c1,100000000,0
CHEMBL4098505,Fc1cc(-c2c[nH]c3cnccc23)ccn1,69,1
CHEMBL2314440,CC(C)n1c(Nc2cncc(C(C)(C)CO)n2)nc2cncnc21,4000,0
CHEMBL4061526,CC[C@@H](CO)Nc1ccc2ncc(-c3cccc(NC(C)=O)c3)n2n1,39,1
CHEMBL1609579,c1cncc(-c2ccc3ncnc(NCc4cccs4)c3c2)c1,100000000,0
CHEMBL3338890,COc1ccc(Nc2cc(-c3ccccc3)n[nH]c2=O)cc1,100000000,0
CHEMBL3917542,NC(=O)c1cc(-c2cn3cc(Cl)ccc3n2)ccc1O,8900,0
CHEMBL3983413,COC(=N)c1nc2ccc3ncnc(Nc4ccc5nc[nH]c5c4)c3c2s1,4.44,1
CHEMBL2295946,CC(C)C(O)Nc1nc(Nc2cccc(-c3cncnc3)c2)c2ncn(C(C)C)c2n1,3000,0
CHEMBL1904905,Clc1ccc(CNc2nccc(-c3ccc4c(c3)OCCO4)n2)cc1Cl,114,1
CHEMBL2012558,COc1ccc2c3ccnc(C)c3n(CCCN)c2c1,152,1
CHEMBL2392367,Clc1ccc(CNc2nccc(-c3ccc4cn[nH]c4c3)n2)cc1Cl,904.5,1
CHEMBL4082113,COc1ccc2sc(C(=O)N(C)Cc3cccc(F)c3)cc2c1,340,1
CHEMBL3909052,CCOC(=N)c1nc2ccc3ncnc(Nc4ccc(Br)cc4F)c3c2s1,33.2,1
CHEMBL3883448,COc1ccc2c(-c3ccncc3)c[nH]c2n1,5800,0
CHEMBL4077125,COc1ccc2ncc(-c3ccnc(N)n3)n2n1,1500,0
CHEMBL4060440,Cc1cc(-c2ccc3ncc4nnn([C@@H](C)c5ccc(F)cc5)c4c3c2)ccn1,1303,0
CHEMBL2164716,Cc1c2c(cc[n+]1Cc1ccccc1)c1ccc(OCc3ccccc3)cc1n2Cc1ccccc1,21000,0
CHEMBL470632,COc1cc(/C=C2\C(=O)NN(c3ccc(Cl)c(Cl)c3)C2=O)cc(OC)c1O,100000000,0
CHEMBL4094549,Nc1cc(-c2c[nH]c3c([N+](=O)[O-])cccc23)ccn1,285,1
CHEMBL3884319,CC1(C)C(=O)N([C@H]2CCc3c(O)cccc32)c2nc(Nc3ccccc3)ncc21,10000,0
CHEMBL3898860,COC(=N)c1nc2ccc3ncnc(Nc4ccc5c(c4)CCO5)c3c2s1,17.48,1
CHEMBL3883813,COc1ccc2cc(-c3ccncc3)[nH]c2n1,100000000,0
CHEMBL4102903,c1cncc(-c2c[nH]c3cnccc23)c1,7957,0
CHEMBL4059498,C[C@@H](c1ccc(F)cc1)n1nnc2cnc3ccc(-c4ccc(N5CCN(C)CC5)nc4)cc3c21,100000000,0
CHEMBL4276946,CC(=O)n1nc(C)c(-c2ccc(Cl)c(Cl)c2)c1N,100000000,0
CHEMBL3884031,COc1ccc2c(CC#N)c(-c3ccncc3)[nH]c2n1,7300,0
CHEMBL3964211,N=C(NCCN1CCOCC1)c1nc2ccc3ncnc(Nc4ccc5c(c4)OCO5)c3c2s1,5500,0
CHEMBL2314433,CC(C)[C@@H](CO)Nc1nc(Nc2ccnnc2)c2ncn(C(C)C)c2n1,480,1
CHEMBL2314455,CC(C)[C@H](CO)Nc1nc(Nc2ccncn2)c2ncn(C(C)C)c2n1,1000,1
CHEMBL553398,N#Cc1cc2c(N)n[nH]c2nc1N,100000000,0
CHEMBL4104093,CC(=O)c1ccc(-c2ccc3ncc4nnn([C@@H](C)c5ccc(F)cc5)c4c3c2)s1,100000000,0
CHEMBL2180853,O=C(Nc1ccc(Br)cn1)Nc1cccc2c1C1CCCCN1C2=O,100000000,0
CHEMBL4440790,COc1ccc2c3ccnc(C)c3n(CCCNC(=O)OC(C)(C)C)c2c1,39,1
CHEMBL3609568,O=C(Nc1ccccn1)Nc1cccc2c1[C@@H]1C[C@H](O)CCN1C2=O,34000,0
CHEMBL2386750,COC(=N)c1nc2ccc3ncnc(Nc4cccc(C#N)c4)c3c2s1,42.7,1
CHEMBL4438785,COc1ccc2c3ccnc(C)c3n(CCCCN(C)C(C)=O)c2c1,215,1
CHEMBL3338886,COc1ccc(-c2n[nH]c(=O)c3[nH]c4ccc(OC)cc4c23)cc1,1500,0
CHEMBL552957,N#Cc1c(Cl)nc2[nH]nc(N)c2c1-c1ccccc1,100000000,0
CHEMBL3421968,COc1cc(N2CCN(C)CC2)ccc1Nc1nccc(-c2cn(C)c3cnccc23)n1,30000,0
CHEMBL3338891,COc1ccc(Nc2cc(-c3ccc(OC)cc3)n[nH]c2=O)cc1,5100,0
CHEMBL3775821,O=C1OCC/C1=C\c1ccc2c(c1)CCO2,960,1
CHEMBL4076663,CC[C@H](CO)NC(=O)c1cccc(-c2cnc3ccc(N[C@H](CC)CO)nn23)c1,2200,0
CHEMBL4078073,C[C@@H](c1ccc(F)cc1)n1nnc2cnc3ccc(-c4ccccc4)cc3c21,100000000,0
CHEMBL3338888,COc1ccc2[nH]c3c(=O)[nH]nc(-c4ccco4)c3c2c1,220,1
CHEMBL3940669,NC(=O)c1nc2ccc3ncnc(Nc4ccc(Cl)cc4Cl)c3c2s1,34.9,1
CHEMBL4284209,CC(C)c1cnn2c(NCc3ccc(-c4ccccn4)cc3)nc(N[C@H]3CC[C@H](N)CC3)nc12,120,1
CHEMBL2392231,Clc1cc(Cl)cc(CNc2cc(-c3ccc4c(c3)OCO4)ncn2)c1,3280,0
CHEMBL3921647,NC(=O)c1cccc(-c2cn3cc(Cl)ccc3n2)c1,100000000,0
CHEMBL496675,COc1ccc(N2NC(=O)/C(=C\c3cccc(Cl)c3Cl)C2=O)cc1,100000000,0
CHEMBL376505,CN(C)c1nc2c(Br)c(Br)c(Br)c(Br)c2[nH]1,260,1
CHEMBL2180854,O=C(Nc1cc(Br)ccn1)Nc1cccc2c1C1CCCCN1C2=O,7600,0
CHEMBL3787033,Cc1cncc(NC(=O)Nc2cccc3c2C2CCCCN2C3=O)n1,100000000,0
CHEMBL539451,CC(=O)Nc1nc2[nH]nc(NC(C)=O)c2cc1C#N,100000000,0
CHEMBL2392246,COc1ccc(CNc2ccnc(-c3cccnc3)n2)cc1,32800,0
CHEMBL485533,COc1ccc(N2NC(=O)/C(=C\c3ccc(O)c(OC)c3)C2=O)cc1,1200,0
CHEMBL511962,O=C1NN(c2ccc(Cl)c(Cl)c2)C(=O)/C1=C/c1ccc(O)cc1,2500,0
CHEMBL3219062,COc1ccc2[nH]c(-c3ccc4cc(O)ccc4c3)c(-c3ccncc3)c2n1,840,1
CHEMBL2180867,Cc1nc(NC(=O)Nc2cccc3c2C2CCCCN2C3=O)cs1,100000000,0
CHEMBL4287985,c1cncc(-c2cc(-c3cncs3)cs2)c1,43,1
CHEMBL3982462,COC(=N)c1nc2ccc3ncnc(Nc4ccc(N5CCCC5)cc4)c3c2s1,54.84,1
CHEMBL4084605,Oc1ccc(-c2cnc3[nH]cc(-c4ccc5[nH]ccc5c4)c3c2)cc1,169,1
CHEMBL1591577,CN(Cc1cccs1)c1ncnc2ccc(-c3ccc4c(c3)OCO4)cc12,31,1
CHEMBL3102933,Oc1ccc(-c2cc3c(-c4ccccc4)c[nH]c3cn2)cc1,27400,0
CHEMBL2392363,Clc1ccc(CNc2nccc(-c3ccc4c(c3)OCO4)n2)cc1,260,1
CHEMBL3912662,NC(=O)c1cc(-c2cn3cc(-c4ccc([N+](=O)[O-])cc4)ccc3n2)ccc1O,100000000,0
CHEMBL373937,Brc1c(Br)c(Br)c2[nH]cnc2c1Br,2100,0
CHEMBL3785804,COCc1cccc(NC(=O)Nc2cccc3c2C2CCCCN2C3=O)n1,100000000,0
CHEMBL565286,O=C1OC(/C=C/c2ccccc2)=N/C1=C\c1cccnc1,100000000,0
CHEMBL4067143,Cc1cc(-c2ccc3ncc4nnn([C@H](C)c5ccccc5)c4c3c2)ccn1,245,1
CHEMBL1473127,Cc1ccc(CNc2ncnc3ccc(-c4ccc5c(c4)OCO5)cc23)o1,93,1
CHEMBL3609567,O=C1CCN2C(=O)c3cccc(NC(=O)Nc4ccccn4)c3C2C1,25000,0
CHEMBL3289600,O=C(/C=C/c1cccc2c3c([nH]c12)-c1cccnc1NC(=O)C3)Nc1ccccc1,100000000,0
CHEMBL1877990,c1cncc(CNc2nccc(-c3ccc4c(c3)OCO4)n2)c1,23.5,1
CHEMBL360866,CN(c1ccccc1)c1nccc(-c2cnn3ncccc23)n1,186,1
CHEMBL4634634,C[C@@H]1C[C@H]1C(=O)N1CCN(c2cnc(C#N)c(-c3cnn(C)c3)n2)C[C@H]1C,100000000,0
CHEMBL4079878,Cc1cc(-c2ccc3ncc4nnn(C)c4c3c2)ccn1,420,1
CHEMBL4078893,FC(F)(F)CNc1nc(Nc2ccc(N3CCOCC3)c(Cl)c2)nc2ccoc12,100000000,0
CHEMBL3775393,O=C1NC(=S)S/C1=C\c1ccc2ncsc2c1,1070,0
CHEMBL4061394,Clc1cccc(-c2cnc3ccc(Cl)nn23)c1,1400,0
CHEMBL408982,CCN1/C(=C/C(C)=O)Sc2ccc(OC)cc21,617.17,1
CHEMBL1933803,COc1ccc2c(Cl)c(C(=O)N(C)Cc3ccccc3)sc2c1,6390,0
CHEMBL3133771,Cc1noc(C)c1Cn1cc(-c2ccnc(N)n2)c2cc(Br)ccc21,1800,0
CHEMBL3774830,O=C1NC(=S)S/C1=C\c1ccc2c(c1)CCO2,100,1
CHEMBL4638292,Nc1ncc(-c2ccccc2)nc1C(=O)Nc1cnccc1N1CCC(C(=O)O)CC1,100,1
CHEMBL1770624,CCNCc1ccc(-c2ccc3ncnc(NCC(C)(C)C)c3c2)o1,594,1
CHEMBL485532,COc1ccc(N2NC(=O)/C(=C\c3ccc(OC)c(O)c3)C2=O)cc1,100000000,0
CHEMBL3609674,Cc1cnc(NC(=O)Nc2cccc3c2C2CC4(CCN2C3=O)SCCS4)cn1,100000000,0
CHEMBL1397614,CN(Cc1ncc[nH]1)c1ncnc2ccc(-c3ccc4c(c3)OCO4)cc12,922,1
CHEMBL3883541,N#Cc1cc2ccccc2c2[nH]c3ccccc3c12,2300,0
CHEMBL188434,CCn1c(-c2nonc2N)nc2cncc(CNC3CCNCC3)c21,4900,0
CHEMBL2392228,Clc1ccc(CNc2ncncc2-c2ccc3c(c2)OCO3)cc1Cl,3787,0
CHEMBL3335351,O=C(c1cccc(O)c1)c1cc2cc(O)ccc2o1,3100,0
CHEMBL3609564,O=C(Nc1ccccn1)Nc1cccc2c1C1CC3(CCN1C2=O)OCCO3,80000,0
CHEMBL2180870,Cn1ccc(NC(=O)Nc2cccc3c2C2CCCCN2C3=O)n1,100000000,0
CHEMBL3884583,COc1ccc2c(c1)[nH]c1c3c(OC)cncc3cc(C(N)=O)c21,3300,0
CHEMBL3589669,CCOc1ccc2c(c1)nc(C(=O)O)c1c3cccc(Cl)c3[nH]c21,2000,0
CHEMBL4079343,CC[C@@H](CO)NC(=O)c1cccc(-c2cnc3ccc(N[C@H](CC)CO)nn23)c1,2100,0
CHEMBL4077159,O/N=C/c1cccc(-c2cnc3ccc(Cl)nn23)c1,78,1
CHEMBL1705549,c1csc(CNc2ncnc3ccc(-c4ccc5c(c4)OCO5)cc23)n1,70,1
CHEMBL2234214,CCOC(=O)C(=O)/C(=N\Nc1ccccc1)C(=O)c1ccccc1,100000000,0
CHEMBL3609669,CO[C@@H]1CCN2C(=O)c3cccc(NC(=O)Nc4ncccc4C)c3[C@@H]2C1,100000000,0
CHEMBL4094600,Cc1cc(-c2ccc3ncc4nnn([C@@H](C)c5ccccc5)c4c3c2)ccn1,177,1
CHEMBL4175006,COc1ccc2c(c1)[nH]c1c(N3CCCC3)nccc12,264,1
CHEMBL4550946,COC(=O)C(C)(C)CCn1c2cc(OC)ccc2c2ccnc(C)c21,13,1
CHEMBL2314448,CC[C@@H](CO)Nc1nc(Nc2cncnc2)c2ncn(C(C)C)c2n1,270,1
CHEMBL4277878,COc1cc2cc(C(=O)Nc3cc(C(=O)NC(CN)c4ccccc4)ccc3C)c(=O)[nH]c2cc1OC,59,1
CHEMBL1902528,c1cncc(CNc2nccc(-c3ccc4[nH]ncc4c3)n2)c1,105.5,1
CHEMBL3609745,O=C(Nc1cccc(Br)n1)Nc1cccc2c1C1CC3(CCN1C2=O)SCCS3,8700,0
CHEMBL4282366,O=C(Cc1ccccc1)Nc1cncc(-c2cc(-c3cccnc3)cs2)c1,14.9,1
CHEMBL3297831,Cn1c2c(O)cccc2c(=O)c2c3occc3c3c(c21)C=CC(C)(C)O3,5700,0
CHEMBL3289596,O=C1Cc2c([nH]c3c(/C=C/C(=O)c4ccccc4)cccc23)-c2cccnc2N1,100000000,0
CHEMBL2392223,Fc1ccc(CNc2ccnc(-c3ccc4c(c3)OCO4)n2)cc1F,23200,0
CHEMBL4281810,CCn1cc(-c2csc(-c3cncc(NC(=O)C4CC4)c3)c2)cn1,29.7,1
CHEMBL3335357,Cc1cc(C(=O)c2cc3cc(O)ccc3s2)ccc1O,11000,0
CHEMBL3741589,O=C(O)C1CN(Cc2ccc(OCc3ccc(Cl)c(Cl)c3)cc2)C1,100000000,0
CHEMBL3335363,CC(=O)c1cc2cc(O)ccc2s1,200,1
CHEMBL297453,O=C(O[C@@H]1Cc2c(O)cc(O)cc2O[C@@H]1c1cc(O)c(O)c(O)c1)c1cc(O)c(O)c(O)c1,4700,0
CHEMBL1090360,O=C(Cc1ccccc1)Nc1cccc(-c2nc3sccn3c2-c2ccnc(Nc3cccc(N4CCOCC4)c3)n2)c1,100000000,0
CHEMBL3884821,COc1ccc2c(c1)[nH]c1c3c(OC)cncc3cc(C#N)c21,18,1
CHEMBL2089033,CC(C)n1cnc2c(NCc3ccc(-c4ccccn4)cc3)nc(N[C@@H]3CCC[C@H](O)[C@@H]3O)nc21,890,1
CHEMBL3884086,N#C/C(=C\c1cccnc1)c1c[nH]c2ccc(F)cc12,1800,0
CHEMBL4641631,O=C(Nc1cc(-c2cn(C3CCOCC3)c3cnccc23)ccn1)NC1CC1,17.1,1
CHEMBL1872011,c1cncc(CNc2ccnc(-c3ccc4cn[nH]c4c3)n2)c1,1752,0
CHEMBL2392375,Clc1ccc(CNc2ccnc(-c3cccnc3)n2)cc1Cl,41200,0
CHEMBL3094437,NCCC(NC(=O)c1ccc(Cl)c(NC(=O)c2cc3cnc(N4CC5CCC(C4)O5)nc3[nH]c2=O)c1)c1ccccc1,5,1
CHEMBL1232500,CCN1/C(=C/C(C)=O)Sc2ccc(O)cc21,240,1
CHEMBL2089034,CC(C)n1cnc2c(NCc3ccc(-c4ccccn4)cc3)nc(N3C[C@H](O)C[C@H]3CO)nc21,1600,0
CHEMBL2314453,CC(C)n1c(C(CO)CO)nc2c(Nc3ccncn3)ncnc21,5800,0
CHEMBL3883820,N#Cc1cc2ccncc2c2[nH]c3ccccc3c12,370,1
CHEMBL564921,N#Cc1c(N)nc2[nH]nc(N)c2c1-c1ccccc1,11000,0
CHEMBL2180863,O=C(Nc1cnccn1)Nc1cccc2c1C1CCCCN1C2=O,100000000,0
CHEMBL3985735,COc1cc(-c2cn3cc(Cl)ccc3n2)cc(OC)c1OC,100000000,0
CHEMBL3787093,COC(=O)c1cccc(NC(=O)Nc2cccc3c2C2CCCCN2C3=O)n1,5100,0
CHEMBL1436585,c1nc(NCC2CCOC2)c2cc(-c3ccc4c(c3)OCO4)ccc2n1,93,1
CHEMBL92361,O=C(O)Cc1c2ccccc2n2c1[nH]c(=O)c1ccccc12,8000,0
CHEMBL3589658,O=C(O)c1ccc2[nH]c3c4ccccc4nc(C(=O)O)c3c2c1,100000000,0
CHEMBL3133776,COCCn1cc(-c2ccnc(N)n2)c2cc(Br)ccc21,1300,0
CHEMBL3885267,N#Cc1cc2cccnc2c2[nH]c3ccccc3c12,100000000,0
CHEMBL1933801,CC(C)(CC(=O)Nc1sc2c(c1C(=O)O)CCC2)NC(=O)Cc1sc2c(c1C(=O)O)CCC2,88130,0
CHEMBL3094454,COc1ncc2cc(C(=O)Nc3cc(C(=O)NC(CN)c4ccccc4)ccc3Cl)c(=O)[nH]c2n1,8,1
CHEMBL4071234,CC[C@@H](CO)Nc1ccc2ncc(-c3ccnc([S+](C)O)n3)n2n1,4400,0
CHEMBL562734,CC(=O)n1nc(N)c2c(-c3ccccc3)c(C#N)c(N)nc21,100000000,0
CHEMBL2392355,COc1cccc(-c2ncccn2)c1,26000,0
CHEMBL4539999,COc1ccc2c3ccnc(C)c3n(CCCC(=O)O)c2c1,950,1
CHEMBL2392361,COc1cccc(-c2ccnc(NCc3ccc(Cl)cc3)n2)c1,6845.5,0
CHEMBL3094462,COc1ncc2cc(C(=O)Nc3cc(C(=O)NC(CCN)c4cccc(Cl)c4)ccc3Cl)c(=O)[nH]c2n1,12,1
CHEMBL566687,c1csc(CNc2ncnc3ccc(-c4ccc5c(c4)OCCO5)cc23)c1,180,1
CHEMBL2386751,COC(=N)c1nc2ccc3ncnc(Nc4cccc(Cl)c4)c3c2s1,13.64,1
CHEMBL3609660,CO[C@@H]1CCN2C(=O)c3cccc(NC(=O)Nc4cccc(C)n4)c3[C@@H]2C1,100000000,0
CHEMBL3193172,O=C1OCC/C1=C\c1ccc2c(c1)OCO2,600,1
CHEMBL3978290,COc1ccc(Nc2ncnc3ccc4nc(C(N)=O)sc4c23)cc1OC,5500,0
CHEMBL3589673,COc1ccc2nc(C(=O)O)c3c4cccc(Cl)c4[nH]c3c2c1,39,1
CHEMBL3094442,COC(=O)c1ccc(Cl)c(NC(=O)c2cc3cnc(OC)nc3[nH]c2=O)c1,97,1
CHEMBL3919084,N=C(NCCN1CCCC1)c1nc2ccc3ncnc(Nc4ccc5c(c4)OCO5)c3c2s1,5500,0
CHEMBL3589665,COc1ccc2c(c1)nc(C(=O)O)c1c3cccc(Cl)c3[nH]c21,23,1
CHEMBL2392392,COc1ccc(CNc2ccnc(-c3cccc(OC)c3)n2)cc1,26000,0
CHEMBL2180866,O=C(Nc1cscn1)Nc1cccc2c1C1CCCCN1C2=O,100000000,0
CHEMBL2392230,Clc1ccc(CNc2cc(-c3ccc4c(c3)OCO4)ncn2)cc1Cl,13040,0
CHEMBL4087456,Nc1nccc(-c2c[nH]c3cc(C(F)(F)F)ccc23)n1,62,1
CHEMBL3754608,COc1ccc2[nH]cc(/C(C#N)=C/c3cccnc3)c2c1,6300,0
CHEMBL2392225,Fc1ccc(CNc2ccnc(-c3ccc4c(c3)OCO4)n2)cc1Cl,14600,0
CHEMBL4579529,COc1ccc2c3ccnc(C)c3n(CCCNC(C)=O)c2c1,74,1
CHEMBL495696,N#Cc1cccc(Nc2nccc(-c3cnn4ncccc34)n2)c1,5,1
CHEMBL4164359,COc1ccc2c(c1)[nH]c1c(N3CCC3)nccc12,159,1
CHEMBL4066664,FC(F)(F)CNc1nc(Nc2ccc3cn[nH]c3c2)nc2ccoc12,4860,0
CHEMBL4103030,CCS(=O)(=O)c1ccc(OC)c(Nc2ncc(-c3ccc4cc(OC)ccc4c3)o2)c1,1000,1
CHEMBL4168671,C=CC(=O)Nc1ccc(C(=O)c2sc(Nc3ccc(N4CCN(C)CC4)cc3OC)nc2N)cc1,1200,0
CHEMBL1645552,Cc1nccc2c1[nH]c1cc(OCc3cccnc3)ccc12,10000,0
CHEMBL4476003,COc1ccc2c3ccnc(C)c3n(CCCCNC(C)=O)c2c1,168,1
CHEMBL2234216,O=C1NN=C(c2ccccc2)/C(=N/Nc2ccccc2)C1=O,100000000,0
CHEMBL4439133,Cc1n[nH]cc1-c1cc2nc([C@@H]3CCCCN3)[nH]c(=O)c2s1,59,1
CHEMBL4078755,CCS(=O)(=O)c1ccc(OC)c(Nc2ncc(-c3cc4ccccc4s3)o2)c1,500,1
CHEMBL2386743,COC(=N)c1nc2ccc3ncnc(Nc4ccc(OC)cc4OC)c3c2s1,9.53,1
CHEMBL484166,COc1ccc(N2NC(=O)/C(=C\c3cc(OC)cc(OC)c3)C2=O)cc1,100000000,0
CHEMBL3884113,Nc1nc2ccccc2c2cc3cnccc3cc12,100000000,0
CHEMBL498718,COc1cc(/C=C2\C(=O)NN(c3ccc(C#N)cc3)C2=O)ccc1O,600,1
CHEMBL4648742,c1ccc(-n2cc(-c3ccncc3)c3ccncc32)cc1,13,1
CHEMBL3945621,COc1ccc(Nc2ncnc3ccc4nc(C(=N)NCc5ccccc5)sc4c23)cc1,5500,0
CHEMBL2180857,O=C(Nc1cccc2c1C1CCCCN1C2=O)Nc1nc(Cl)c(Cl)c(Cl)c1Cl,100000000,0
CHEMBL3219060,COc1ccc2[nH]c(-c3ccc(O)cc3)c(-c3ccncc3)c2n1,470,1
CHEMBL1315944,COc1ccc(-c2ccc3ncnc(NCc4cccs4)c3c2)cc1,3152,0
CHEMBL1354134,c1nc(NCC2CCCC2)c2cc(-c3ccc4c(c3)OCO4)ccc2n1,76,1
CHEMBL1374544,CN(Cc1ccco1)c1ncnc2ccc(-c3ccc4c(c3)OCO4)cc12,98,1
CHEMBL1394132,Cn1ccc2cc(-c3ccc4ncnc(NCc5cccs5)c4c3)ccc21,4517,0
CHEMBL1437638,Cc1nnc(CN(C)c2ncnc3ccc(-c4ccc5c(c4)OCO5)cc23)o1,120,1
CHEMBL1515868,c1nc(NCCc2c[nH]cn2)c2cc(-c3ccc4c(c3)OCO4)ccc2n1,541,1
CHEMBL1551169,CC(C)(C)CNc1ncnc2ccc(-c3ccc4c(c3)OCO4)cc12,17,1
CHEMBL1555138,Fc1c(-c2ccc3ncnc(NCc4cccs4)c3c2)ccc2c1OCO2,164,1
CHEMBL1599314,Cc1ccc(CNc2ncnc3ccc(-c4ccc5c(c4)OCO5)cc23)s1,1158,0
CHEMBL1612487,COc1ccc(/C=C2\CCOC2=O)cc1,1810,0
CHEMBL1615221,CC[C@@H](CO)Nc1nc(NCc2ccc(-c3ccccn3)cc2)c2ncn(C(C)C)c2n1,900,1
CHEMBL1704879,Cc1csc(CN(C)c2ncnc3ccc(-c4ccc5c(c4)OCO5)cc23)n1,26,1
CHEMBL1733003,OCc1ccc(-c2ccc3ncnc(NCc4cccs4)c3c2)o1,4657,0
CHEMBL1762119,O=C1C=C(c2ccc(O)c(O)c2O)C(=O)c2c(O)ccc(O)c21,21400,0
CHEMBL1765714,O=c1ccc2cnc3ccc(-c4cn[nH]c4)cc3c2n1-c1ccc(F)cc1C(F)(F)F,532,1
CHEMBL177820,Brc1c(Br)c(Br)c2[nH]nnc2c1Br,4360,0
CHEMBL1802358,O=C1NC(Nc2ccccc2)=N/C1=C\c1ccc2c(c1)OCO2,47.75,1
CHEMBL1802963,Nc1nccc(-c2c[nH]c3c(Br)cccc23)n1,79,1
CHEMBL1882945,Clc1ccc(CNc2ncncc2-c2ccc3c(c2)OCO3)cc1,15299.5,0
CHEMBL1885536,c1cc(-c2ccc3c(c2)OCO3)nc(Nc2ccc3c(c2)OCO3)n1,77.5,1
CHEMBL1892019,Clc1ccc(CNc2nccc(-c3ccc4[nH]ncc4c3)n2)cc1Cl,229.5,1
CHEMBL1894742,c1cncc(CNc2nccc(-c3ccc4cn[nH]c4c3)n2)c1,210,1
CHEMBL2088659,COc1ccc2[nH]c3c(=O)[nH]nc(C)c3c2c1,5000,0
CHEMBL2219849,Cc1c2c(cc[n+]1Cc1ccccc1)c1ccc(OCC3CCCCC3)cc1n2CC1CCCCC1,43000,0
CHEMBL2219889,Cc1c2c(cc[n+]1Cc1ccccc1)c1ccc(OCc3ccccc3)cc1n2Cc1ccccc1,21200,0
CHEMBL2295936,CCC[C@H](O)Nc1nc(Nc2cccc(-c3ncccn3)c2)c2ncn(C(C)C)c2n1,2100,0
CHEMBL2295945,CC(C)C[C@@H](O)Nc1nc(Nc2cccc(-c3cncnc3)c2)c2ncn(C(C)C)c2n1,1000,1
CHEMBL2295958,CC(C)C(O)Nc1nc(Nc2ccc(-c3cncnc3)cc2)c2ncn(C(C)C)c2n1,2300,0
CHEMBL2314439,CC(C)n1cnc2c(Nc3cnccn3)nc(Cc3cnccn3)nc21,500,1
CHEMBL2314446,CC(C)[C@@H](CO)Nc1nc(Nc2cncnc2)c2ncn(C(C)C)c2n1,490,1
CHEMBL2314454,CC(C)[C@@H](CO)Nc1nc(Nc2ccncn2)c2ncn(C(C)C)c2n1,1100,0
CHEMBL2314461,CC[C@@H](CO)Nc1nc(Nc2ncccn2)c2ncn(C(C)C)c2n1,2000,0
CHEMBL2314464,CC(C)[C@H](CO)Nc1nc(Nc2ccncc2)c2ncn(C(C)C)c2n1,780,1
CHEMBL2314468,CC(C)n1c(C(CO)CO)nc2c(Nc3cccnc3)ncnc21,1200,0
CHEMBL2314474,CC(C)n1cnc2c(Nc3cccnc3)nc(Cl)nc21,2100,0
CHEMBL2386753,COC(=N)c1nc2ccc3ncnc(Nc4ccc5c(c4)OCO5)c3c2s1,1.65,1
CHEMBL2386754,CCOC(=N)c1nc2ccc3ncnc(Nc4ccc5c(c4)OCO5)c3c2s1,6.02,1
CHEMBL2386757,NC(=O)c1nc2ccc3ncnc(Nc4ccc(Br)cc4F)c3c2s1,194.4,1
CHEMBL2392226,Fc1ccc(CNc2ccnc(-c3ccc4c(c3)OCO4)n2)cc1Br,6500,0
CHEMBL2392234,Brc1ccc(CNc2ccnc(-c3ccc4c(c3)OCO4)n2)cn1,26000,0
CHEMBL2392239,c1ccc2ncc(CNc3ccnc(-c4ccc5c(c4)OCO5)n3)cc2c1,29200,0
CHEMBL2392240,c1ccc(CNc2ccnc(-c3ccc4c(c3)OCO4)n2)nc1,32800,0
CHEMBL2392241,c1cc(CNc2ccnc(-c3ccc4c(c3)OCO4)n2)ccn1,26000,0
CHEMBL2392360,COc1ccc(-c2ccnc(NCc3ccc(Cl)c(Cl)c3)n2)cc1,681.5,1
CHEMBL2392362,COc1cccc(-c2ccnc(NCc3ccc(Cl)c(Cl)c3)n2)c1,5237,0
CHEMBL2392378,Cc1ccc(CNc2ccnc(-c3cccc(C#N)c3)n2)cc1,41200,0
CHEMBL2392385,COc1cccc(-c2nccc(NCc3ccc(Cl)cc3)n2)c1,20700,0
CHEMBL2392391,COc1ccc(CNc2ccnc(-c3cccc(C#N)c3)n2)cc1,16400,0
CHEMBL269538,COc1ccc2c(c1)[nH]c1c(C)nccc12,97.08,1
CHEMBL3094439,COc1nc(C)c2cc(C(=O)Nc3cc(C(=O)NC(CCN)c4ccccc4)ccc3Cl)c(=O)[nH]c2n1,52,1
CHEMBL3094440,COC(=O)c1ccc(C)c(NC(=O)c2cc3cc(OC)c(OC)cc3[nH]c2=O)c1,320,1
CHEMBL3094455,COc1ncc2cc(C(=O)Nc3cc(C(=O)NC(CCN)c4ccccc4)ccc3Cl)c(=O)[nH]c2n1,9,1
CHEMBL3094457,COc1ncc2cc(C(=O)Nc3cc(C(=O)NC(CCCCN)c4ccccc4)ccc3Cl)c(=O)[nH]c2n1,797,1
CHEMBL3094458,COc1ncc2cc(C(=O)Nc3cc(C(=O)NCCCN)ccc3Cl)c(=O)[nH]c2n1,1610,0
CHEMBL3094459,COc1ncc2cc(C(=O)Nc3cc(C(=O)NC(CCN)C4CCCCC4)ccc3Cl)c(=O)[nH]c2n1,301,1
CHEMBL3094461,COc1ncc2cc(C(=O)Nc3cc(C(=O)N[C@@H](CCN)c4ccccc4)ccc3Cl)c(=O)[nH]c2n1,1030,0
CHEMBL3133767,Nc1nccc(-c2cn(C(=O)c3ccccc3)c3ccccc23)n1,3100,0
CHEMBL3133768,Nc1nccc(-c2cn(C(=O)c3ccccc3)c3ccc(Br)cc23)n1,830,1
CHEMBL3335350,O=C(c1cccc(O)c1)c1cc2cc(O)ccc2s1,400,1
CHEMBL3335352,O=C(c1cccc(O)c1)c1cc2cc(O)ccc2[nH]1,15000,0
CHEMBL3335355,O=C(c1ccc(O)cc1)c1cc2cc(O)ccc2o1,9700,0
CHEMBL3335356,Cc1ccc(C(=O)c2cc3cc(O)ccc3s2)cc1O,200,1
CHEMBL3335359,O=C(c1ccc(F)c(O)c1)c1cc2cc(O)ccc2s1,1200,0
CHEMBL3338893,COc1ccc(Nc2cc(-c3ccncc3)n[nH]c2=O)cc1,610,1
CHEMBL3589653,O=C(O)c1nc2ccccc2c2[nH]c3ccccc3c12,2600,0
CHEMBL3589662,O=C(O)c1nc2ccccc2c2[nH]c3c(I)cccc3c12,868.67,1
CHEMBL3589671,O=C(O)c1nc2ccc(I)cc2c2[nH]c3c(Cl)cccc3c12,180,1
CHEMBL3589775,O=C(O)c1nc2cccnc2c2[nH]c3c(Br)cccc3c12,130,1
CHEMBL3609656,O=C1CCN2C(=O)c3cccc(NC(=O)Nc4cnccn4)c3C2C1,50000,0
CHEMBL3609662,Cc1cccc(NC(=O)Nc2cccc3c2[C@@H]2C[C@H](O)CCN2C3=O)n1,7000,0
CHEMBL366259,Cc1ccccc1Nc1nccc(-c2cnn3ncccc23)n1,64,1
CHEMBL3751934,COc1cccc2c(/C(C#N)=C/c3cccnc3)c[nH]c12,1200,0
CHEMBL3753782,COc1cccc2[nH]cc(/C(C#N)=C/c3cccnc3)c12,6000,0
CHEMBL3774704,O=C1OCC/C1=C\c1ccc2ncsc2c1,165,1
CHEMBL3775111,CC1C/C(=C\c2ccc3c(c2)CCO3)C(=O)O1,1135,0
CHEMBL3785771,Cc1nccnc1NC(=O)Nc1cccc2c1C1CCCCN1C2=O,4500,0
CHEMBL3883414,N#Cc1cc2cnccc2c2[nH]c3ccc(F)cc3c12,310,1
CHEMBL3884627,COc1cccc2c1[nH]c1c3ccncc3cc(C(N)=O)c21,600,1
CHEMBL3884861,COc1ccc2c(c1)[nH]c1c3ccncc3cc(C(N)=O)c21,2000,0
CHEMBL3885036,COc1ccc2[nH]c3c(=O)[nH]c(-c4cccnc4)c(C#N)c3c2c1,4300,0
CHEMBL3885043,N#C/C(=C\c1cccnc1)c1c[nH]c2ccc(Cl)cc12,3300,0
CHEMBL3885328,COc1ccc2c(c1)[nH]c1c3ccncc3cc(CN)c21,870,1
CHEMBL3885333,COc1ccc2[nH]cc(/C(C#N)=C/c3cnccc3C)c2c1,5500,0
CHEMBL3885360,COc1ccc2c(c1)[nH]c1c3ccncc3cc(CNC(C)=O)c21,970,1
CHEMBL3904523,NC(=O)c1nc2ccc3ncnc(Nc4ccc5c(c4)OCO5)c3c2s1,500,1
CHEMBL3905538,COC(=N)c1nc2ccc3ncnc(Nc4ccc(OC)c(O)c4)c3c2s1,4.25,1
CHEMBL3908596,NC(=O)c1cc(-c2cn3cc(Br)ccc3n2)ccc1O,2600,0
CHEMBL3911303,COC(=N)c1nc2ccc3ncnc(N(C)c4ccc(OC)c(OC)c4)c3c2s1,3768,0
CHEMBL3911342,COc1ccc(Nc2ncnc3ccc4nc(C5=NCCO5)sc4c23)cc1,11000,0
CHEMBL3912295,COC(=N)c1nc2ccc3ncnc(Nc4ccc5c(c4)OCCO5)c3c2s1,8,1
CHEMBL3915671,N=C(NCCN1CCCCC1)c1nc2ccc3ncnc(Nc4ccc5c(c4)OCO5)c3c2s1,5500,0
CHEMBL3916163,CCCCOC(=N)c1nc2ccc3ncnc(Nc4ccc(Cl)cc4Cl)c3c2s1,47.5,1
CHEMBL3921510,CC(C)OC(=O)c1nc2ccc3ncnc(Nc4ccc5c(c4)OCO5)c3c2s1,124.7,1
CHEMBL3923825,NC(=O)c1cc(-c2cn3ccncc3n2)ccc1O,6000,0
CHEMBL3930050,COC(=N)c1nc2ccc3ncnc(Nc4ccc(O)cc4)c3c2s1,500,1
CHEMBL3934766,COC(=N)c1nc2ccc3ncnc(Nc4ccc(F)c(Cl)c4)c3c2s1,500,1
CHEMBL3957886,COc1ccc(Nc2ncnc3ccc4nc(C(N)=O)sc4c23)cc1,142.5,1
CHEMBL3958753,CN(C)C(=N)c1nc2ccc3ncnc(Nc4ccc(F)c(Cl)c4)c3c2s1,5500,0
CHEMBL3970062,COC(=N)c1nc2ccc3ncnc(Nc4ccc(Cl)c(Cl)c4)c3c2s1,66.82,1
CHEMBL3971170,COC(=N)c1nc2ccc3ncnc(Nc4ccc(Cl)cc4F)c3c2s1,0.99,1
CHEMBL3986536,N=C(NCc1ccncc1)c1nc2ccc3ncnc(Nc4ccc(Br)cc4F)c3c2s1,5500,0
CHEMBL4062218,CNC(=O)c1ccc(Nc2nc(OC3CCCC3)c3c(-c4ccc5nc(C)oc5c4)c[nH]c3n2)c(OC)c1,104,1
CHEMBL4062683,CC[C@@H](CO)Nc1ccc2ncc(-c3ccnc(S(C)(=O)=O)n3)n2n1,1800,0
CHEMBL4064988,Clc1cccc(-c2cnc3ccc(N4CCC(N5CCCCC5)CC4)nn23)c1,2800,0
CHEMBL4065167,CCS(=O)(=O)c1ccc(OC)c(Nc2ncc(/C=C/c3ccccc3)o2)c1,7000,0
CHEMBL4065432,CC[C@@H](CO)Nc1ccc2ncc(-c3cccc(/C=N/O)c3)n2n1,110,1
CHEMBL4065701,Oc1ccc(-c2c[nH]c3ncc(-c4ccc5[nH]ccc5c4)cc23)cc1,204,1
CHEMBL4066075,N#Cc1cccc2c(-c3ccnc(N)c3)c[nH]c12,790,1
CHEMBL4067661,NC(=O)Nc1ccc(-c2cnc3[nH]cc(-c4ccc(O)cc4)c3c2)cc1,31,1
CHEMBL4069163,Fc1ccc(Cn2cc(-c3ccncc3)c3ccncc32)cc1,12,1
CHEMBL4071413,CC[C@@H](CO)NC(=O)c1cccc(-c2cnc3ccc(N[C@@H](CC)CO)nn23)c1,1400,0
CHEMBL4073997,Nc1nccc(-c2c[nH]c3c(Cl)cccc23)n1,46,1
CHEMBL4074499,CC(=O)Nc1cccc(Nc2ccc3ncc(-c4cccc(Cl)c4)n3n2)c1,110,1
CHEMBL4075820,CC[C@H](CO)NC(=O)c1cccc(-c2cnc3ccc(Cl)nn23)c1,9000,0
CHEMBL4076448,O=Cc1cccc(-c2cnc3ccc(Cl)nn23)c1,650,1
CHEMBL4076906,Clc1ccc2ncc(-c3cccnc3)n2n1,13000,0
CHEMBL4080488,Cc1cc(-c2c[nH]c3cnccc23)ccn1,75,1
CHEMBL4086402,CC[C@@H](CO)Nc1ccc2ncc(-c3cccc(C(F)(F)F)c3)n2n1,220,1
CHEMBL4090770,CC[C@@H](CO)Nc1ccc2ncc(-c3ccc4[nH]ccc4c3)n2n1,350,1
CHEMBL4091942,Clc1ccc2ncc(-c3ccc4[nH]ccc4c3)n2n1,2400,0
CHEMBL4092984,COc1cc(-c2ccc3ncc4nnn([C@@H](C)c5ccc(F)cc5)c4c3c2)ccn1,2872,0
CHEMBL4096575,Nc1ccc(-c2cnc3[nH]cc(-c4ccc(O)cc4)c3c2)cc1,377,1
CHEMBL4097368,CC[C@@H](CO)Nc1ccc2ncc(-c3ccsc3)n2n1,470,1
CHEMBL4105629,c1cc(-c2cn(CCC3CC3)c3cnccc23)ccn1,8,1
CHEMBL4171089,COc1cc(N2CCN(C)CC2)ccc1Nc1nc(N)c(C(=O)c2ccccc2)s1,800,1
CHEMBL4176129,COc1ccc2c(c1)[nH]c1c(N3CCCC3Cc3ccccc3)nccc12,221,1
CHEMBL4277134,O=C(Nc1ccc(C(=O)NCc2ccccc2)cc1)Nc1nc2ccc(O)cc2s1,63,1
CHEMBL4280981,c1cncc(-c2csc(-c3cccnc3)c2)c1,300,1
CHEMBL4283240,COc1ccc2c3ccnc(Cl)c3n(CC#N)c2c1,181,1
CHEMBL4283751,N=C1NC(=O)/C(=C/c2ccc3c(c2)CCO3)S1,7.9,1
CHEMBL4287083,CCCn1cc(-c2csc(-c3cncc(NC(=O)C4CC4)c3)c2)cn1,76,1
CHEMBL4287375,CN1CCN(C(=O)c2ccc(NC(=O)Nc3nc4ccc(O)cc4s3)cc2)CC1,95,1
CHEMBL4290247,O=C(Cc1ccc(F)cc1)Nc1cncc(-c2cc(-c3cccnc3)cs2)c1,30.48,1
CHEMBL4294080,O=C(Nc1cncc(-c2cc(-c3cccnc3)cs2)c1)C1CCC1,57.8,1
CHEMBL4294976,CCOc1ccccc1CNc1nc(C)nc2[nH]cc(-c3ccnc(N)c3)c12,2.1,1
CHEMBL4295177,O=C(Nc1cncc(-c2cc(-c3cccnc3)cs2)c1)c1ccc(F)cc1F,49,1
CHEMBL4441878,Cc1nc2ccc(-c3cc(N)nc(N)c3)nc2n1C(C)C,7.5,1
CHEMBL4460561,Cc1nc2ccc(-c3cc(N)nc(N)c3)nc2n1C1CC1,9,1
CHEMBL4474836,COc1ccc2c3ccnc(C)c3n(CCCC(N)=O)c2c1,25,1
CHEMBL4530280,N#Cc1c(-c2ccccc2)[nH]c2c(I)cccc12,10,1
CHEMBL4550702,Cn1cc(-c2cnc3c(-c4csc(C(=O)NCC(F)(F)F)c4)cnn3c2)cn1,11,1
CHEMBL4637319,Cc1cccc(N(C)c2nccc(-c3cnn4ncccc34)n2)c1,76,1
CHEMBL4640031,C[C@H]1CN(C(=O)Nc2cc(-c3cn([C@H]4CC[C@@](C)(O)CC4)c4cnccc34)ccn2)C[C@@H](C)O1,3,1
CHEMBL4640465,Nc1cc(-c2cn(-c3ccccc3)c3cnccc23)ccn1,16.7,1
CHEMBL4640598,c1cc(-c2cn(C3CCOCC3)c3cnccc23)ccn1,352,1
CHEMBL4645474,O=C(Nc1cc(-c2cn(-c3ccccc3)c3cnccc23)ccn1)NC1CC1,15,1
CHEMBL511636,O=C1NN(c2ccc(Cl)c(Cl)c2)C(=O)/C1=C/c1ccc(O)c([N+](=O)[O-])c1,600,1
CHEMBL590109,NCCn1cc(-c2cc(-c3cc4ccccc4s3)c3[nH]ncc3c2)c2nc(N)ncc21,440,1
CHEMBL1242973,COC(=O)[C@@]1(Cc2ccc(O)c(CC=C(C)C)c2)OC(=O)C(O)=C1c1ccc(O)cc1,100000000,0
CHEMBL3338889,COc1ccc(Nc2cc(C)n[nH]c2=O)cc1,100000000,0
CHEMBL3094443,COC(=O)c1ccc(Cl)c(C(=O)Nc2cc3cnc(OC)nc3[nH]c2=O)c1,100000000,0
CHEMBL2314463,CC[C@H](CO)Nc1nc(Nc2ncccn2)c2ncn(C(C)C)c2n1,100000000,0
CHEMBL3787292,O=C(Nc1cc(CF)ccn1)Nc1cccc2c1C1CCCCN1C2=O,100000000,0
CHEMBL513188,O=C1NN(c2ccc(Cl)c(Cl)c2)C(=O)/C1=C/c1ccccc1F,100000000,0
CHEMBL2180869,O=C(Nc1cc[nH]n1)Nc1cccc2c1C1CCCCN1C2=O,100000000,0
CHEMBL549301,CC(=O)Nc1nn(C)c2nc(N)c(C#N)c(-c3ccccc3)c12,100000000,0
CHEMBL562397,CC(=O)Nc1nn(C)c2nc(N)c(C#N)cc12,100000000,0
CHEMBL511841,COc1cccc(/C=C2\C(=O)NN(c3ccc(Cl)c(Cl)c3)C2=O)c1,100000000,0
CHEMBL3893635,Nc1ccc(-c2cn3cc(Cl)ccc3n2)cc1Br,100000000,0
CHEMBL4080844,CC[C@@H](CO)Nc1ccc2ncc(/C=C/c3cccc(C(F)(F)F)c3)n2n1,100000000,0
CHEMBL3609673,CO[C@@H]1CCN2C(=O)c3cccc(NC(=O)Nc4ccn(C)n4)c3[C@@H]2C1,100000000,0
CHEMBL3884027,N#C/C(=C\c1ccccc1)c1c[nH]c2ccccc12,100000000,0
CHEMBL2314462,CC(C)n1cnc2c(Nc3ncccn3)nc(Cl)nc21,100000000,0
CHEMBL214198,CC(C)c1nnc2ccc(-c3c[nH]nc3-c3cc(F)ccc3F)cn12,100000000,0
CHEMBL212968,CC(C)(C)c1nnc2ccc(-c3ocnc3-c3cc(F)c(F)cc3F)cn12,100000000,0
CHEMBL3883943,COc1cncc(/C=C(\C#N)c2c[nH]c3ccc(OC)cc23)c1,100000000,0
CHEMBL212382,CC(C)(C)c1nnc2ccc(-c3ocnc3-c3ccc(F)cc3F)cn12,100000000,0
CHEMBL513717,O=C1NN(c2ccc(Cl)c(Cl)c2)C(=O)/C1=C/c1ccccc1[N+](=O)[O-],100000000,0
CHEMBL2180861,O=C(Nc1ccccc1)Nc1cccc2c1C1CCCCN1C2=O,100000000,0
CHEMBL465047,COC(=O)[C@]1(Cc2ccc(OS(=O)(=O)O)c(CC=C(C)C)c2)OC(=O)C(O)=C1c1ccc(O)cc1,100000000,0
CHEMBL3939584,COc1cccc(-c2cn3cc(Cl)ccc3n2)c1,100000000,0
CHEMBL2234217,O=C1NN=C(c2ccc(Br)cc2)/C(=N/Nc2ccccc2)C1=O,100000000,0
CHEMBL4069365,CC1(C)OCC(=O)Nc2cc(Nc3nc(NCC(F)(F)F)c4occc4n3)ccc21,100000000,0
CHEMBL2295959,CC(C)n1cnc2c(Nc3cccc(-c4ncccn4)c3)nc(Cl)nc21,100000000,0
CHEMBL3589655,O=C(O)c1nc2ccccc2c2[nH]c3ccc(C(F)(F)F)cc3c12,100000000,0
CHEMBL4101671,C[C@@H](c1ccc(F)cc1)n1nnc2cnc3ccc(-c4ccc(C#N)cc4)cc3c21,100000000,0
CHEMBL1495595,Clc1cccc(-c2ccc3ncnc(NCc4cccs4)c3c2)c1,100000000,0
CHEMBL2234218,CCOC(=O)c1[nH]nc(-c2ccc(F)cc2)c1/N=N/c1ccccc1,100000000,0
CHEMBL3219064,COc1ccc2[nH]c(-c3cccc(O)c3)c(-c3cccnc3)c2n1,100000000,0
CHEMBL571001,COc1nc(NN)c(C#N)c(-c2ccccc2)c1C#N,100000000,0
CHEMBL4073972,Oc1ccc(-c2ccc3[nH]cc(-c4ccc(O)cc4)c3c2)cc1,100000000,0
CHEMBL4062803,Cc1n[nH]c2cc(Nc3nc(NC4CC4)c4occc4n3)ccc12,100000000,0
CHEMBL3974565,COc1ccc(-c2ccc3nc(-c4ccc(O)c(C(N)=O)c4)cn3c2)cc1,100000000,0
CHEMBL1604618,Cc1ccc(CNc2ncnc3ccc(-c4ccc(CO)o4)cc23)o1,100000000,0
CHEMBL3589656,O=C(O)c1nc2ccccc2c2[nH]c3ccc([N+](=O)[O-])cc3c12,100000000,0
